coordinates,created_at,hashtags,media,urls,favorite_count,id,in_reply_to_screen_name,in_reply_to_status_id,in_reply_to_user_id,lang,place,possibly_sensitive,retweet_count,reweet_id,retweet_screen_name,source,text,tweet_url,user_created_at,user_screen_name,user_default_profile_image,user_description,user_favourites_count,user_followers_count,user_friends_count,user_listed_count,user_location,user_name,user_screen_name,user_statuses_count,user_time_zone,user_urls,user_verified
,Tue Mar 03 18:28:18 +0000 2015,,,http://en.wikipedia.org/w/index.php?diff=649720802&oldid=649720662,0,572825842096717824,,,,en,,False,0,,,"<a href=""https://twitter.com/gccaedits"" rel=""nofollow"">GC CA Edits</a>",Chiac Wikipedia article edited anonymously from Shared Services Canada http://t.co/BisnSvriVE,https://twitter.com/gccaedits/status/572825842096717824,Wed Jul 09 12:06:54 +0000 2014,gccaedits,False,I'm a bot that tweets anonymous Wikipedia edits that are made from Canadian Government IP addresses. I'm powered by: https://t.co/mip4rTkvth,9,6179,73,149,Canada,Gov. of Canada edits,gccaedits,2056,Eastern Time (US & Canada),https://github.com/ruebot/gccaedits-ip-address-ranges,False
,Tue Mar 03 18:26:59 +0000 2015,,,http://en.wikipedia.org/w/index.php?diff=649720662&oldid=649720520,0,572825511015149568,,,,en,,False,1,,,"<a href=""https://twitter.com/gccaedits"" rel=""nofollow"">GC CA Edits</a>",Chiac Wikipedia article edited anonymously from Shared Services Canada http://t.co/ToQGZbyfDY,https://twitter.com/gccaedits/status/572825511015149568,Wed Jul 09 12:06:54 +0000 2014,gccaedits,False,I'm a bot that tweets anonymous Wikipedia edits that are made from Canadian Government IP addresses. I'm powered by: https://t.co/mip4rTkvth,9,6179,73,149,Canada,Gov. of Canada edits,gccaedits,2056,Eastern Time (US & Canada),https://github.com/ruebot/gccaedits-ip-address-ranges,False
,Tue Mar 03 18:25:28 +0000 2015,,,http://en.wikipedia.org/w/index.php?diff=649720520&oldid=649720463,0,572825129358655488,,,,en,,False,1,,,"<a href=""https://twitter.com/gccaedits"" rel=""nofollow"">GC CA Edits</a>",Chiac Wikipedia article edited anonymously from Shared Services Canada http://t.co/QTqlBtm0IN,https://twitter.com/gccaedits/status/572825129358655488,Wed Jul 09 12:06:54 +0000 2014,gccaedits,False,I'm a bot that tweets anonymous Wikipedia edits that are made from Canadian Government IP addresses. I'm powered by: https://t.co/mip4rTkvth,9,6179,73,149,Canada,Gov. of Canada edits,gccaedits,2056,Eastern Time (US & Canada),https://github.com/ruebot/gccaedits-ip-address-ranges,False
,Tue Mar 03 18:24:59 +0000 2015,,,http://en.wikipedia.org/w/index.php?diff=649720463&oldid=649720045,0,572825007790936065,,,,en,,False,0,,,"<a href=""https://twitter.com/gccaedits"" rel=""nofollow"">GC CA Edits</a>",Chiac Wikipedia article edited anonymously from Shared Services Canada http://t.co/WtAUPqhrfD,https://twitter.com/gccaedits/status/572825007790936065,Wed Jul 09 12:06:54 +0000 2014,gccaedits,False,I'm a bot that tweets anonymous Wikipedia edits that are made from Canadian Government IP addresses. I'm powered by: https://t.co/mip4rTkvth,9,6179,73,149,Canada,Gov. of Canada edits,gccaedits,2056,Eastern Time (US & Canada),https://github.com/ruebot/gccaedits-ip-address-ranges,False
,Tue Mar 03 18:21:19 +0000 2015,,,http://en.wikipedia.org/w/index.php?diff=649720045&oldid=649719827,0,572824087715811328,,,,en,,False,0,,,"<a href=""https://twitter.com/gccaedits"" rel=""nofollow"">GC CA Edits</a>",Chiac Wikipedia article edited anonymously from Shared Services Canada http://t.co/vKaSQo6PND,https://twitter.com/gccaedits/status/572824087715811328,Wed Jul 09 12:06:54 +0000 2014,gccaedits,False,I'm a bot that tweets anonymous Wikipedia edits that are made from Canadian Government IP addresses. I'm powered by: https://t.co/mip4rTkvth,9,6179,73,149,Canada,Gov. of Canada edits,gccaedits,2056,Eastern Time (US & Canada),https://github.com/ruebot/gccaedits-ip-address-ranges,False
,Tue Mar 03 18:19:29 +0000 2015,,,http://en.wikipedia.org/w/index.php?diff=649719827&oldid=649719709,0,572823627088990208,,,,en,,False,0,,,"<a href=""https://twitter.com/gccaedits"" rel=""nofollow"">GC CA Edits</a>",Chiac Wikipedia article edited anonymously from Shared Services Canada http://t.co/S8zN68lkU6,https://twitter.com/gccaedits/status/572823627088990208,Wed Jul 09 12:06:54 +0000 2014,gccaedits,False,I'm a bot that tweets anonymous Wikipedia edits that are made from Canadian Government IP addresses. I'm powered by: https://t.co/mip4rTkvth,9,6179,73,149,Canada,Gov. of Canada edits,gccaedits,2056,Eastern Time (US & Canada),https://github.com/ruebot/gccaedits-ip-address-ranges,False
,Tue Mar 03 18:18:32 +0000 2015,,,http://en.wikipedia.org/w/index.php?diff=649719709&oldid=649718183,0,572823388009447425,,,,en,,False,0,,,"<a href=""https://twitter.com/gccaedits"" rel=""nofollow"">GC CA Edits</a>",Chiac Wikipedia article edited anonymously from Shared Services Canada http://t.co/Z2OLxB8Ggd,https://twitter.com/gccaedits/status/572823388009447425,Wed Jul 09 12:06:54 +0000 2014,gccaedits,False,I'm a bot that tweets anonymous Wikipedia edits that are made from Canadian Government IP addresses. I'm powered by: https://t.co/mip4rTkvth,9,6179,73,149,Canada,Gov. of Canada edits,gccaedits,2056,Eastern Time (US & Canada),https://github.com/ruebot/gccaedits-ip-address-ranges,False
,Tue Mar 03 18:07:19 +0000 2015,,,http://en.wikipedia.org/w/index.php?diff=649718183&oldid=638688978,0,572820562491387904,,,,en,,False,1,,,"<a href=""https://twitter.com/gccaedits"" rel=""nofollow"">GC CA Edits</a>",Chiac Wikipedia article edited anonymously from Shared Services Canada http://t.co/9fBjPjWXRN,https://twitter.com/gccaedits/status/572820562491387904,Wed Jul 09 12:06:54 +0000 2014,gccaedits,False,I'm a bot that tweets anonymous Wikipedia edits that are made from Canadian Government IP addresses. I'm powered by: https://t.co/mip4rTkvth,9,6179,73,149,Canada,Gov. of Canada edits,gccaedits,2056,Eastern Time (US & Canada),https://github.com/ruebot/gccaedits-ip-address-ranges,False
,Tue Mar 03 17:37:53 +0000 2015,gccaedits cdnpoli,,http://en.wikipedia.org/w/index.php?diff=645495235&oldid=644145359,0,572813156298301440,,,,en,,False,8,572800298953011200,PatOndabak,"<a href=""http://twitter.com"" rel=""nofollow"">Twitter Web Client</a>","RT @PatOndabak: Strange, I don't see the wikipedia edit that shows where the Crime Minister hid in a closet...  http://t.co/VlEixy74jZ #gcc…",https://twitter.com/KimLSteel/status/572813156298301440,Wed Oct 30 21:06:50 +0000 2013,KimLSteel,False,"Feminist, Environmentalist, Idealist, Progressive, Atheist.",1761,99,264,11,On Stolen Land (Canada),Kim Steel,KimLSteel,1738,Mountain Time (US & Canada),,False
,Tue Mar 03 17:10:57 +0000 2015,gccaedits cdnpoli,,http://en.wikipedia.org/w/index.php?diff=645495235&oldid=644145359,0,572806377137049600,,,,en,,False,8,572800298953011200,PatOndabak,"<a href=""http://twitter.com"" rel=""nofollow"">Twitter Web Client</a>","RT @PatOndabak: Strange, I don't see the wikipedia edit that shows where the Crime Minister hid in a closet...  http://t.co/VlEixy74jZ #gcc…",https://twitter.com/authorsrgen/status/572806377137049600,Tue Oct 21 17:37:51 +0000 2014,authorsrgen,False,"Author, Teacher, Vice-Principal, Principal, Director of Education, First Nation Educator, Animal Lover, Advocate for Children, Earth, Be kind to others",3239,676,881,35,"Ontario, Canada",G Steve General,authorsrgen,7064,Eastern Time (US & Canada),,False
,Tue Mar 03 17:02:30 +0000 2015,gccaedits cdnpoli,,http://en.wikipedia.org/w/index.php?diff=645495235&oldid=644145359,0,572804250302062592,,,,en,,False,8,572800298953011200,PatOndabak,"<a href=""http://twitter.com"" rel=""nofollow"">Twitter Web Client</a>","RT @PatOndabak: Strange, I don't see the wikipedia edit that shows where the Crime Minister hid in a closet...  http://t.co/VlEixy74jZ #gcc…",https://twitter.com/chuddles11/status/572804250302062592,Sat Mar 03 23:53:46 +0000 2012,chuddles11,False,"Retired editor providing an alternative to MSM, a grassroots news service covering Indigenous, environmental, political and cultural stories, opinions & events",399,6789,6698,320,Toronto,Christine Huddleston,chuddles11,314711,,,False
,Tue Mar 03 17:00:38 +0000 2015,gccaedits cdnpoli,,http://en.wikipedia.org/w/index.php?diff=645495235&oldid=644145359,0,572803780753952769,,,,en,,False,8,572800298953011200,PatOndabak,"<a href=""http://twitter.com"" rel=""nofollow"">Twitter Web Client</a>","RT @PatOndabak: Strange, I don't see the wikipedia edit that shows where the Crime Minister hid in a closet...  http://t.co/VlEixy74jZ #gcc…",https://twitter.com/pmlebrun/status/572803780753952769,Tue Jul 07 15:48:59 +0000 2009,pmlebrun,False,,8025,384,750,6,"Toronto, Ontario, Canada",Paula LeBrun,pmlebrun,13852,Eastern Time (US & Canada),,False
,Tue Mar 03 16:59:23 +0000 2015,,,,0,572803468974534656,gccaedits,564811475819446273,2613454796,en,,,0,,,"<a href=""http://twitter.com"" rel=""nofollow"">Twitter Web Client</a>","@gccaedits @PatOndabak 

Dirty tricks...

Same old, same old

CPC - the integrity party (as in needing to get some)",https://twitter.com/DJOranguTrump/status/572803468974534656,Fri Jul 25 18:47:49 +0000 2014,DJOranguTrump,False,#Weed #Atheist #Nogods  #NoSpammers #No_N_Word  #IncorrigibleSmartass #HornyButHarmless #BLOCKED by @realdonaldtrump for being too much like him,21386,1000,1034,19,OranguBankTrumpcy Court,Donald J Orangutrump,DJOranguTrump,10545,Atlantic Time (Canada),,False
,Tue Mar 03 16:50:22 +0000 2015,gccaedits cdnpoli,,http://en.wikipedia.org/w/index.php?diff=645495235&oldid=644145359,0,572801199948357633,,,,en,,False,8,572800298953011200,PatOndabak,"<a href=""http://twitter.com/download/iphone"" rel=""nofollow"">Twitter for iPhone</a>","RT @PatOndabak: Strange, I don't see the wikipedia edit that shows where the Crime Minister hid in a closet...  http://t.co/VlEixy74jZ #gcc…",https://twitter.com/antiharper101/status/572801199948357633,Sat Jun 04 13:31:12 +0000 2011,antiharper101,False,"#strengthinnumbers #freepalestine #freesyria #stopharper #opcannabis ,we are legion ,prochoice, its not my body. DE DOIY i fix things",855,1263,637,73,everywhere,4N0Nym0u5,antiharper101,65590,Atlantic Time (Canada),,False
,Tue Mar 03 16:49:45 +0000 2015,gccaedits cdnpoli,,http://en.wikipedia.org/w/index.php?diff=645495235&oldid=644145359,0,572801042896826368,,,,en,,True,8,572800298953011200,PatOndabak,"<a href=""http://twitter.com"" rel=""nofollow"">Twitter Web Client</a>","RT @PatOndabak: Strange, I don't see the wikipedia edit that shows where the Crime Minister hid in a closet...  http://t.co/VlEixy74jZ #gcc…",https://twitter.com/Beari8it/status/572801042896826368,Mon Mar 28 12:39:57 +0000 2011,Beari8it,False,"favorite foods in the great forest include wild salmon, blueberries, honey - read posts entirely at your own risk",16907,4688,4734,183,Turtle Island ,Beari8it,Beari8it,186279,Arizona,,False
,Tue Mar 03 16:47:05 +0000 2015,gccaedits cdnpoli,,http://en.wikipedia.org/w/index.php?diff=645495235&oldid=644145359,0,572800373829713920,,,,en,,False,8,572800298953011200,PatOndabak,"<a href=""http://twitter.com"" rel=""nofollow"">Twitter Web Client</a>","RT @PatOndabak: Strange, I don't see the wikipedia edit that shows where the Crime Minister hid in a closet...  http://t.co/VlEixy74jZ #gcc…",https://twitter.com/UncleRee1/status/572800373829713920,Sat Dec 28 18:50:25 +0000 2013,UncleRee1,False,"ReTweets are not endorsements, but they may bear commentary...",6214,1115,1065,42,Lethbridge AB,Andy,UncleRee1,54966,Mountain Time (US & Canada),,False
,Tue Mar 03 16:47:02 +0000 2015,gccaedits cdnpoli,,http://en.wikipedia.org/w/index.php?diff=645495235&oldid=644145359,0,572800360236113920,,,,en,,False,8,572800298953011200,PatOndabak,"<a href=""http://twitter.com"" rel=""nofollow"">Twitter Web Client</a>","RT @PatOndabak: Strange, I don't see the wikipedia edit that shows where the Crime Minister hid in a closet...  http://t.co/VlEixy74jZ #gcc…",https://twitter.com/J0ann3/status/572800360236113920,Thu Oct 09 15:50:54 +0000 2008,J0ann3,False,"pro freedom, honesty and transparency...  ABC",5046,514,525,27,Canada,Dragon Jo,J0ann3,13606,,,False
,Tue Mar 03 16:46:48 +0000 2015,gccaedits cdnpoli,,http://en.wikipedia.org/w/index.php?diff=645495235&oldid=644145359,7,572800298953011200,,,,en,,False,8,,,"<a href=""http://twitter.com/#!/download/ipad"" rel=""nofollow"">Twitter for iPad</a>","Strange, I don't see the wikipedia edit that shows where the Crime Minister hid in a closet...  http://t.co/VlEixy74jZ #gccaedits #cdnpoli",https://twitter.com/PatOndabak/status/572800298953011200,Tue May 14 12:42:51 +0000 2013,PatOndabak,False,Your character is who you are if you can get away with something.  Question everything. Especially anything coming from the CPC.,43489,11136,2408,103,"Not in Harper's Closet, BC ",PatRiotchick,PatOndabak,150760,Pacific Time (US & Canada),,False
,Tue Mar 03 16:45:49 +0000 2015,,,,0,572800053393285121,,,,en,,,1,570996789500715008,ggatin,"<a href=""http://twitter.com/#!/download/ipad"" rel=""nofollow"">Twitter for iPad</a>",RT @ggatin: @gccaedits Someone in govt is carefully watching over the cover story.,https://twitter.com/PatOndabak/status/572800053393285121,Tue May 14 12:42:51 +0000 2013,PatOndabak,False,Your character is who you are if you can get away with something.  Question everything. Especially anything coming from the CPC.,43489,11136,2408,103,"Not in Harper's Closet, BC ",PatRiotchick,PatOndabak,150760,Pacific Time (US & Canada),,False
,Tue Mar 03 16:39:36 +0000 2015,gccaedits cdnpoli,,http://en.wikipedia.org/w/index.php?diff=647893578&oldid=641220747,1,572798490721452033,,,,en,,False,0,,,"<a href=""http://twitter.com/#!/download/ipad"" rel=""nofollow"">Twitter for iPad</a>","Gee, we can't have Venezuelan terrorists on record now, can we? Only Muslims right Steve?  http://t.co/eckpnkEd6N #gccaedits #cdnpoli",https://twitter.com/PatOndabak/status/572798490721452033,Tue May 14 12:42:51 +0000 2013,PatOndabak,False,Your character is who you are if you can get away with something.  Question everything. Especially anything coming from the CPC.,43489,11136,2408,103,"Not in Harper's Closet, BC ",PatRiotchick,PatOndabak,150760,Pacific Time (US & Canada),,False
,Tue Mar 03 16:30:59 +0000 2015,GummyBaird,,,0,572796320651427840,gccaedits,571057283700015104,2613454796,en,,,0,,,"<a href=""http://twitter.com/#!/download/ipad"" rel=""nofollow"">Twitter for iPad</a>",@gccaedits I swear it wasn't me!! #GummyBaird,https://twitter.com/PatOndabak/status/572796320651427840,Tue May 14 12:42:51 +0000 2013,PatOndabak,False,Your character is who you are if you can get away with something.  Question everything. Especially anything coming from the CPC.,43489,11136,2408,103,"Not in Harper's Closet, BC ",PatRiotchick,PatOndabak,150760,Pacific Time (US & Canada),,False
,Tue Mar 03 15:41:25 +0000 2015,,,http://en.wikipedia.org/w/index.php?diff=649698850&oldid=614020449,0,572783848452276224,,,,en,,False,0,,,"<a href=""http://tweetli.st/"" rel=""nofollow"">TweetList Pro</a>",?? RT @gccaedits: Bert Fegg's Nasty Book for Boys and Girls Wikipedia article edited anonymously from Industry Canada http://t.co/S4dSXYs19Y,https://twitter.com/beentsy/status/572783848452276224,Sun Feb 22 00:38:08 +0000 2009,beentsy,False,"I read too much, buy too many books,  knit and collect *way* too much yarn. S'okay.",1428,144,100,16,BC,beentsy,beentsy,52846,Pacific Time (US & Canada),,False
,Tue Mar 03 15:36:30 +0000 2015,,,http://en.wikipedia.org/w/index.php?diff=649698850&oldid=614020449,0,572782607831846912,,,,en,,False,3,,,"<a href=""https://twitter.com/gccaedits"" rel=""nofollow"">GC CA Edits</a>",Bert Fegg's Nasty Book for Boys and Girls Wikipedia article edited anonymously from Industry Canada http://t.co/x501LAmUvG,https://twitter.com/gccaedits/status/572782607831846912,Wed Jul 09 12:06:54 +0000 2014,gccaedits,False,I'm a bot that tweets anonymous Wikipedia edits that are made from Canadian Government IP addresses. I'm powered by: https://t.co/mip4rTkvth,9,6179,73,149,Canada,Gov. of Canada edits,gccaedits,2056,Eastern Time (US & Canada),https://github.com/ruebot/gccaedits-ip-address-ranges,False
,Tue Mar 03 14:48:56 +0000 2015,,,http://en.wikipedia.org/w/index.php?diff=649693413&oldid=649693367,1,572770638978555904,,,,en,,False,1,,,"<a href=""https://twitter.com/gccaedits"" rel=""nofollow"">GC CA Edits</a>",Zangger Committee Wikipedia article edited anonymously from Shared Services Canada http://t.co/xJMz1GmMdf,https://twitter.com/gccaedits/status/572770638978555904,Wed Jul 09 12:06:54 +0000 2014,gccaedits,False,I'm a bot that tweets anonymous Wikipedia edits that are made from Canadian Government IP addresses. I'm powered by: https://t.co/mip4rTkvth,9,6179,73,149,Canada,Gov. of Canada edits,gccaedits,2056,Eastern Time (US & Canada),https://github.com/ruebot/gccaedits-ip-address-ranges,False
,Tue Mar 03 14:48:30 +0000 2015,,,http://en.wikipedia.org/w/index.php?diff=649693367&oldid=571396384,0,572770528357974016,,,,en,,False,0,,,"<a href=""https://twitter.com/gccaedits"" rel=""nofollow"">GC CA Edits</a>",Zangger Committee Wikipedia article edited anonymously from Shared Services Canada http://t.co/hYY1JY40mn,https://twitter.com/gccaedits/status/572770528357974016,Wed Jul 09 12:06:54 +0000 2014,gccaedits,False,I'm a bot that tweets anonymous Wikipedia edits that are made from Canadian Government IP addresses. I'm powered by: https://t.co/mip4rTkvth,9,6179,73,149,Canada,Gov. of Canada edits,gccaedits,2056,Eastern Time (US & Canada),https://github.com/ruebot/gccaedits-ip-address-ranges,False
,Tue Mar 03 13:43:35 +0000 2015,,,http://en.wikipedia.org/w/index.php?diff=649686412&oldid=618638769,0,572754194710593536,,,,en,,False,0,,,"<a href=""https://twitter.com/gccaedits"" rel=""nofollow"">GC CA Edits</a>",Talk:Sunlight Wikipedia article edited anonymously from Environment Canada http://t.co/A9Htn9taPA,https://twitter.com/gccaedits/status/572754194710593536,Wed Jul 09 12:06:54 +0000 2014,gccaedits,False,I'm a bot that tweets anonymous Wikipedia edits that are made from Canadian Government IP addresses. I'm powered by: https://t.co/mip4rTkvth,9,6179,73,149,Canada,Gov. of Canada edits,gccaedits,2056,Eastern Time (US & Canada),https://github.com/ruebot/gccaedits-ip-address-ranges,False
,Tue Mar 03 13:41:20 +0000 2015,,,http://en.wikipedia.org/w/index.php?diff=649686191&oldid=649572316,0,572753625396719616,,,,en,,False,1,,,"<a href=""https://twitter.com/gccaedits"" rel=""nofollow"">GC CA Edits</a>",Colt Canada C7 rifle Wikipedia article edited anonymously from Canadian Department of National Defence http://t.co/xrnXKKJMTU,https://twitter.com/gccaedits/status/572753625396719616,Wed Jul 09 12:06:54 +0000 2014,gccaedits,False,I'm a bot that tweets anonymous Wikipedia edits that are made from Canadian Government IP addresses. I'm powered by: https://t.co/mip4rTkvth,9,6179,73,149,Canada,Gov. of Canada edits,gccaedits,2056,Eastern Time (US & Canada),https://github.com/ruebot/gccaedits-ip-address-ranges,False
,Mon Mar 02 22:37:37 +0000 2015,,,http://en.wikipedia.org/w/index.php?diff=649601659&oldid=623350132,0,572526198133280768,,,,en,,False,0,,,"<a href=""https://twitter.com/gccaedits"" rel=""nofollow"">GC CA Edits</a>",429 Transport Squadron Wikipedia article edited anonymously from Canadian Department of National Defence http://t.co/mqbg8D6xsU,https://twitter.com/gccaedits/status/572526198133280768,Wed Jul 09 12:06:54 +0000 2014,gccaedits,False,I'm a bot that tweets anonymous Wikipedia edits that are made from Canadian Government IP addresses. I'm powered by: https://t.co/mip4rTkvth,9,6179,73,149,Canada,Gov. of Canada edits,gccaedits,2056,Eastern Time (US & Canada),https://github.com/ruebot/gccaedits-ip-address-ranges,False
,Mon Mar 02 19:08:51 +0000 2015,,,http://en.wikipedia.org/w/index.php?diff=649572501&oldid=649572260,0,572473662386905088,,,,en,,False,0,,,"<a href=""https://twitter.com/gccaedits"" rel=""nofollow"">GC CA Edits</a>",15th Field Artillery Regiment (Cana Wikipedia article edited anonymously from Canadian Department of National Defence http://t.co/HDug33smU1,https://twitter.com/gccaedits/status/572473662386905088,Wed Jul 09 12:06:54 +0000 2014,gccaedits,False,I'm a bot that tweets anonymous Wikipedia edits that are made from Canadian Government IP addresses. I'm powered by: https://t.co/mip4rTkvth,9,6179,73,149,Canada,Gov. of Canada edits,gccaedits,2056,Eastern Time (US & Canada),https://github.com/ruebot/gccaedits-ip-address-ranges,False
,Mon Mar 02 19:07:17 +0000 2015,,,http://en.wikipedia.org/w/index.php?diff=649572260&oldid=649459773,0,572473265735802880,,,,en,,False,0,,,"<a href=""https://twitter.com/gccaedits"" rel=""nofollow"">GC CA Edits</a>",15th Field Artillery Regiment (Cana Wikipedia article edited anonymously from Canadian Department of National Defence http://t.co/f2rYITwtpf,https://twitter.com/gccaedits/status/572473265735802880,Wed Jul 09 12:06:54 +0000 2014,gccaedits,False,I'm a bot that tweets anonymous Wikipedia edits that are made from Canadian Government IP addresses. I'm powered by: https://t.co/mip4rTkvth,9,6179,73,149,Canada,Gov. of Canada edits,gccaedits,2056,Eastern Time (US & Canada),https://github.com/ruebot/gccaedits-ip-address-ranges,False
,Mon Mar 02 19:04:14 +0000 2015,,,http://en.wikipedia.org/w/index.php?diff=649571897&oldid=648410145,0,572472498471763968,,,,en,,False,0,,,"<a href=""https://twitter.com/gccaedits"" rel=""nofollow"">GC CA Edits</a>",Gatineau Wikipedia article edited anonymously from Shared Services Canada http://t.co/AwuDSCQz1z,https://twitter.com/gccaedits/status/572472498471763968,Wed Jul 09 12:06:54 +0000 2014,gccaedits,False,I'm a bot that tweets anonymous Wikipedia edits that are made from Canadian Government IP addresses. I'm powered by: https://t.co/mip4rTkvth,9,6179,73,149,Canada,Gov. of Canada edits,gccaedits,2056,Eastern Time (US & Canada),https://github.com/ruebot/gccaedits-ip-address-ranges,False
,Mon Mar 02 18:32:22 +0000 2015,,,http://fr.wikipedia.org/w/index.php?diff=112357035&oldid=112357012&rcid=136645304,0,572464481349058561,,,,en,,False,0,,,"<a href=""https://twitter.com/gccaedits"" rel=""nofollow"">GC CA Edits</a>",Claude Carignan Wikipedia article edited anonymously from Canadian House of Commons http://t.co/ewCnq25NaB,https://twitter.com/gccaedits/status/572464481349058561,Wed Jul 09 12:06:54 +0000 2014,gccaedits,False,I'm a bot that tweets anonymous Wikipedia edits that are made from Canadian Government IP addresses. I'm powered by: https://t.co/mip4rTkvth,9,6179,73,149,Canada,Gov. of Canada edits,gccaedits,2056,Eastern Time (US & Canada),https://github.com/ruebot/gccaedits-ip-address-ranges,False
,Mon Mar 02 18:31:16 +0000 2015,,,http://fr.wikipedia.org/w/index.php?diff=112357012&oldid=109906951&rcid=136645239,0,572464201618366464,,,,en,,False,0,,,"<a href=""https://twitter.com/gccaedits"" rel=""nofollow"">GC CA Edits</a>",Claude Carignan Wikipedia article edited anonymously from Canadian House of Commons http://t.co/ZYf9fiCFT2,https://twitter.com/gccaedits/status/572464201618366464,Wed Jul 09 12:06:54 +0000 2014,gccaedits,False,I'm a bot that tweets anonymous Wikipedia edits that are made from Canadian Government IP addresses. I'm powered by: https://t.co/mip4rTkvth,9,6179,73,149,Canada,Gov. of Canada edits,gccaedits,2056,Eastern Time (US & Canada),https://github.com/ruebot/gccaedits-ip-address-ranges,False
,Mon Mar 02 17:50:18 +0000 2015,,,http://en.wikipedia.org/w/index.php?diff=649562563&oldid=649562475,0,572453894401470465,,,,en,,False,0,,,"<a href=""https://twitter.com/gccaedits"" rel=""nofollow"">GC CA Edits</a>",Mitchell Kutney Wikipedia article edited anonymously from Shared Services Canada http://t.co/ZXUwurYp0E,https://twitter.com/gccaedits/status/572453894401470465,Wed Jul 09 12:06:54 +0000 2014,gccaedits,False,I'm a bot that tweets anonymous Wikipedia edits that are made from Canadian Government IP addresses. I'm powered by: https://t.co/mip4rTkvth,9,6179,73,149,Canada,Gov. of Canada edits,gccaedits,2056,Eastern Time (US & Canada),https://github.com/ruebot/gccaedits-ip-address-ranges,False
,Mon Mar 02 17:49:34 +0000 2015,,,http://en.wikipedia.org/w/index.php?diff=649562475&oldid=648884115,0,572453710485442560,,,,en,,False,0,,,"<a href=""https://twitter.com/gccaedits"" rel=""nofollow"">GC CA Edits</a>",Mitchell Kutney Wikipedia article edited anonymously from Shared Services Canada http://t.co/XZ6e5sSEtY,https://twitter.com/gccaedits/status/572453710485442560,Wed Jul 09 12:06:54 +0000 2014,gccaedits,False,I'm a bot that tweets anonymous Wikipedia edits that are made from Canadian Government IP addresses. I'm powered by: https://t.co/mip4rTkvth,9,6179,73,149,Canada,Gov. of Canada edits,gccaedits,2056,Eastern Time (US & Canada),https://github.com/ruebot/gccaedits-ip-address-ranges,False
,Mon Mar 02 16:53:03 +0000 2015,,,http://en.wikipedia.org/w/index.php?diff=649549392&oldid=647175731,0,572439487579594753,,,,en,,False,0,,,"<a href=""http://twitterrific.com"" rel=""nofollow"">Twitterrific</a>","Your govt at work
MT @gccaedits: Qc French profanity Wikipedia article edited anonymously from Shared Services Canada http://t.co/1mPtJ5Tf3w",https://twitter.com/emciel/status/572439487579594753,Fri Mar 13 19:02:32 +0000 2009,emciel,False,"Montreal-based, born/raised in Chicago, currently in Bangalore. Tweets: outrage at the world's ills, cats, homemaking, pretty things. Genderqueer (e/em, they).",679,197,269,8,,"Who, me?",emciel,4983,Central Time (US & Canada),,False
,Mon Mar 02 16:17:30 +0000 2015,,,http://en.wikipedia.org/w/index.php?diff=649549392&oldid=647175731,1,572430539350781952,,,,en,,False,0,,,"<a href=""http://twitter.com/download/android"" rel=""nofollow"">Twitter for Android</a>",this bot-scrape is art RT @gccaedits Quebec French profanity Wikipedia edited anonymously from Shared Services Canada http://t.co/1n9Gv92pow,https://twitter.com/purpledocket/status/572430539350781952,Thu Mar 24 14:01:28 +0000 2011,purpledocket,False,"Politics, media, tech, language, sass, quadruple-entendres, and Oxford commas.",10903,1303,1018,41,"Toronto, ON",Seb FoxAllen,purpledocket,23697,Atlantic Time (Canada),http://pleaserevise.tumblr.com,False
,Mon Mar 02 16:08:54 +0000 2015,,,http://en.wikipedia.org/w/index.php?diff=649549392&oldid=647175731,1,572428374574014465,,,,en,,False,0,,,"<a href=""http://www.hootsuite.com"" rel=""nofollow"">Hootsuite</a>",RT @gccaedits: Quebec French profanity Wikipedia article edited anonymously from Shared Services Canada http://t.co/LniBJJRdLu,https://twitter.com/jpress/status/572428374574014465,Tue Feb 17 22:29:47 +0000 2009,jpress,False,"Dog owner, @OttawaCitizen parliamentary reporter skulking around #SenCA, focused on digital storytelling & news literacy research. Tweets are my own.",198,3629,1249,193,"Ottawa, Ontario",Jordan Press,jpress,21408,Eastern Time (US & Canada),http://facebook.com/jordan.b.press,False
,Mon Mar 02 16:08:47 +0000 2015,cdnpoli,,http://en.wikipedia.org/w/index.php?diff=649549392&oldid=647175731,0,572428343993237504,gccaedits,572428076958801920,2613454796,en,,False,0,,,"<a href=""http://twitter.com/download/iphone"" rel=""nofollow"">Twitter for iPhone</a>",“@gccaedits: Quebec French profanity Wikipedia article edited anonymously from Shared Services Canada http://t.co/FWbib4pBJT” #cdnpoli why?,https://twitter.com/LoganBBH/status/572428343993237504,Sun Oct 18 07:56:07 +0000 2009,LoganBBH,False,,32,85,504,1,"Regina, SK",Logan B,LoganBBH,2874,Saskatchewan,,False
,Mon Mar 02 16:08:16 +0000 2015,,,http://en.wikipedia.org/w/index.php?diff=649549392&oldid=647175731,0,572428215316299779,,,,en,,False,0,,,"<a href=""https://about.twitter.com/products/tweetdeck"" rel=""nofollow"">TweetDeck</a>",Hostie... @gccaedits: Quebec French profanity Wikipedia article edited anonymously from Shared Services Canada http://t.co/B4OhISUmNE,https://twitter.com/johnbowman/status/572428215316299779,Fri Feb 01 20:51:40 +0000 2008,johnbowman,False,"Social media news producer. I'm ^jb on @CBCNews, @CBCCommunity. Early riser and #bikeTO commuter. Tweet miner and myth debunker. Geeky dad and Lego maniac.",1485,3238,1329,223,"East York, Ontario, Canada",John Bowman,johnbowman,26738,Eastern Time (US & Canada),http://johnbowman.net,True
,Mon Mar 02 16:07:43 +0000 2015,,,http://en.wikipedia.org/w/index.php?diff=649549392&oldid=647175731,4,572428076958801920,,,,en,,False,9,,,"<a href=""https://twitter.com/gccaedits"" rel=""nofollow"">GC CA Edits</a>",Quebec French profanity Wikipedia article edited anonymously from Shared Services Canada http://t.co/Y8j3ZyTt1l,https://twitter.com/gccaedits/status/572428076958801920,Wed Jul 09 12:06:54 +0000 2014,gccaedits,False,I'm a bot that tweets anonymous Wikipedia edits that are made from Canadian Government IP addresses. I'm powered by: https://t.co/mip4rTkvth,9,6179,73,149,Canada,Gov. of Canada edits,gccaedits,2056,Eastern Time (US & Canada),https://github.com/ruebot/gccaedits-ip-address-ranges,False
,Mon Mar 02 15:44:37 +0000 2015,,,http://en.wikipedia.org/w/index.php?diff=649546653&oldid=649546545,0,572422262902689792,,,,en,,False,3,,,"<a href=""https://twitter.com/gccaedits"" rel=""nofollow"">GC CA Edits</a>",Colt Canada C7 rifle Wikipedia article edited anonymously from Canadian Department of National Defence http://t.co/xagyA9BZ4R,https://twitter.com/gccaedits/status/572422262902689792,Wed Jul 09 12:06:54 +0000 2014,gccaedits,False,I'm a bot that tweets anonymous Wikipedia edits that are made from Canadian Government IP addresses. I'm powered by: https://t.co/mip4rTkvth,9,6179,73,149,Canada,Gov. of Canada edits,gccaedits,2056,Eastern Time (US & Canada),https://github.com/ruebot/gccaedits-ip-address-ranges,False
,Mon Mar 02 15:43:43 +0000 2015,,,http://en.wikipedia.org/w/index.php?diff=649546545&oldid=649546041,0,572422035688833024,,,,en,,False,0,,,"<a href=""https://twitter.com/gccaedits"" rel=""nofollow"">GC CA Edits</a>",Colt Canada C7 rifle Wikipedia article edited anonymously from Canadian Department of National Defence http://t.co/Vym2WaktEl,https://twitter.com/gccaedits/status/572422035688833024,Wed Jul 09 12:06:54 +0000 2014,gccaedits,False,I'm a bot that tweets anonymous Wikipedia edits that are made from Canadian Government IP addresses. I'm powered by: https://t.co/mip4rTkvth,9,6179,73,149,Canada,Gov. of Canada edits,gccaedits,2056,Eastern Time (US & Canada),https://github.com/ruebot/gccaedits-ip-address-ranges,False
,Mon Mar 02 15:39:39 +0000 2015,,,http://en.wikipedia.org/w/index.php?diff=649546041&oldid=649165073,0,572421013138513921,,,,en,,False,1,,,"<a href=""https://twitter.com/gccaedits"" rel=""nofollow"">GC CA Edits</a>",Colt Canada C7 rifle Wikipedia article edited anonymously from Canadian Department of National Defence http://t.co/CBh4A45iOo,https://twitter.com/gccaedits/status/572421013138513921,Wed Jul 09 12:06:54 +0000 2014,gccaedits,False,I'm a bot that tweets anonymous Wikipedia edits that are made from Canadian Government IP addresses. I'm powered by: https://t.co/mip4rTkvth,9,6179,73,149,Canada,Gov. of Canada edits,gccaedits,2056,Eastern Time (US & Canada),https://github.com/ruebot/gccaedits-ip-address-ranges,False
,Mon Mar 02 14:56:32 +0000 2015,,,http://en.wikipedia.org/w/index.php?diff=649540645&oldid=577847096,0,572410162960605184,,,,en,,False,1,,,"<a href=""https://twitter.com/gccaedits"" rel=""nofollow"">GC CA Edits</a>",Beryl McBurnie Wikipedia article edited anonymously from Shared Services Canada http://t.co/Qjsfrh2apH,https://twitter.com/gccaedits/status/572410162960605184,Wed Jul 09 12:06:54 +0000 2014,gccaedits,False,I'm a bot that tweets anonymous Wikipedia edits that are made from Canadian Government IP addresses. I'm powered by: https://t.co/mip4rTkvth,9,6179,73,149,Canada,Gov. of Canada edits,gccaedits,2056,Eastern Time (US & Canada),https://github.com/ruebot/gccaedits-ip-address-ranges,False
,Mon Mar 02 14:54:41 +0000 2015,NHLTradeDeadline,,,0,572409699846512640,,,,fr,,,0,,,"<a href=""https://about.twitter.com/products/tweetdeck"" rel=""nofollow"">TweetDeck</a>",Un fonctionnaire branché sur le #NHLTradeDeadline RT @gccaedits: Jeff Petry Wikipedia article edited anonymously from Shared Services Canada,https://twitter.com/JulienPaquette/status/572409699846512640,Wed Aug 19 03:14:16 +0000 2009,JulienPaquette,False,Journaliste à @LeDroitca / Trésorier - FPJQ Outaouais / Maîtrise en communication à uOttawa / jpaquette@ledroit.com / 819-360-5205,113,719,867,18,"Gatineau, Qc",Julien Paquette,JulienPaquette,12205,Quito,,False
,Mon Mar 02 14:54:00 +0000 2015,TradeCentre,,http://en.wikipedia.org/w/index.php?diff=649540248&oldid=649537994,0,572409525996806144,gccaedits,572409331267862528,2613454796,en,,False,0,,,"<a href=""http://twitter.com/download/iphone"" rel=""nofollow"">Twitter for iPhone</a>",“@gccaedits: Jeff Petry Wikipedia article edited anonymously from Shared Services Canada http://t.co/efy4oHJl2L” #TradeCentre,https://twitter.com/BigredRyan01/status/572409525996806144,Tue Sep 20 17:31:03 +0000 2011,BigredRyan01,False,"Music Geek,Beer Drinker,Scotch Sipper. #Redwings fan. Communications student. radio guy. Mental health advocate.Tweets are my own #KCCO",5591,745,1953,7,,Ryan Forsyth,BigredRyan01,6555,Eastern Time (US & Canada),,False
,Mon Mar 02 14:53:14 +0000 2015,,,http://en.wikipedia.org/w/index.php?diff=649540248&oldid=649537994,1,572409331267862528,,,,en,,False,8,,,"<a href=""https://twitter.com/gccaedits"" rel=""nofollow"">GC CA Edits</a>",Jeff Petry Wikipedia article edited anonymously from Shared Services Canada http://t.co/Bj2MYr4yS2,https://twitter.com/gccaedits/status/572409331267862528,Wed Jul 09 12:06:54 +0000 2014,gccaedits,False,I'm a bot that tweets anonymous Wikipedia edits that are made from Canadian Government IP addresses. I'm powered by: https://t.co/mip4rTkvth,9,6179,73,149,Canada,Gov. of Canada edits,gccaedits,2056,Eastern Time (US & Canada),https://github.com/ruebot/gccaedits-ip-address-ranges,False
,Sun Mar 01 19:00:15 +0000 2015,,,http://fr.wikipedia.org/w/index.php?diff=112323266&oldid=112323169&rcid=136566049,0,572109110688268289,,,,en,,False,0,,,"<a href=""https://twitter.com/gccaedits"" rel=""nofollow"">GC CA Edits</a>",Nuage noctulescent Wikipedia article edited anonymously from Environment Canada http://t.co/ag4RZtdiRo,https://twitter.com/gccaedits/status/572109110688268289,Wed Jul 09 12:06:54 +0000 2014,gccaedits,False,I'm a bot that tweets anonymous Wikipedia edits that are made from Canadian Government IP addresses. I'm powered by: https://t.co/mip4rTkvth,9,6179,73,149,Canada,Gov. of Canada edits,gccaedits,2056,Eastern Time (US & Canada),https://github.com/ruebot/gccaedits-ip-address-ranges,False
,Sun Mar 01 18:56:55 +0000 2015,,,http://fr.wikipedia.org/w/index.php?diff=112323169&oldid=112322741&rcid=136565752,1,572108269231218690,,,,en,,False,0,,,"<a href=""https://twitter.com/gccaedits"" rel=""nofollow"">GC CA Edits</a>",Nuage noctulescent Wikipedia article edited anonymously from Environment Canada http://t.co/gI7iJveq5R,https://twitter.com/gccaedits/status/572108269231218690,Wed Jul 09 12:06:54 +0000 2014,gccaedits,False,I'm a bot that tweets anonymous Wikipedia edits that are made from Canadian Government IP addresses. I'm powered by: https://t.co/mip4rTkvth,9,6179,73,149,Canada,Gov. of Canada edits,gccaedits,2056,Eastern Time (US & Canada),https://github.com/ruebot/gccaedits-ip-address-ranges,False
,Sun Mar 01 18:39:26 +0000 2015,,,http://fr.wikipedia.org/w/index.php?diff=112322741&oldid=112322648&rcid=136564364,0,572103868676497408,,,,en,,False,2,,,"<a href=""https://twitter.com/gccaedits"" rel=""nofollow"">GC CA Edits</a>",Nuage noctulescent Wikipedia article edited anonymously from Environment Canada http://t.co/uPSEppupkm,https://twitter.com/gccaedits/status/572103868676497408,Wed Jul 09 12:06:54 +0000 2014,gccaedits,False,I'm a bot that tweets anonymous Wikipedia edits that are made from Canadian Government IP addresses. I'm powered by: https://t.co/mip4rTkvth,9,6179,73,149,Canada,Gov. of Canada edits,gccaedits,2056,Eastern Time (US & Canada),https://github.com/ruebot/gccaedits-ip-address-ranges,False
,Sun Mar 01 18:36:04 +0000 2015,,,http://fr.wikipedia.org/w/index.php?diff=112322648&oldid=111122396&rcid=136564184,1,572103024669274112,,,,en,,False,0,,,"<a href=""https://twitter.com/gccaedits"" rel=""nofollow"">GC CA Edits</a>",Nuage noctulescent Wikipedia article edited anonymously from Environment Canada http://t.co/sd2DTU4zUw,https://twitter.com/gccaedits/status/572103024669274112,Wed Jul 09 12:06:54 +0000 2014,gccaedits,False,I'm a bot that tweets anonymous Wikipedia edits that are made from Canadian Government IP addresses. I'm powered by: https://t.co/mip4rTkvth,9,6179,73,149,Canada,Gov. of Canada edits,gccaedits,2056,Eastern Time (US & Canada),https://github.com/ruebot/gccaedits-ip-address-ranges,False
,Sun Mar 01 18:07:30 +0000 2015,,,http://fr.wikipedia.org/w/index.php?diff=112321936&oldid=112302713&rcid=136562626,0,572095832524247040,,,,en,,False,0,,,"<a href=""https://twitter.com/gccaedits"" rel=""nofollow"">GC CA Edits</a>",Grande inondation de 1862 Wikipedia article edited anonymously from Environment Canada http://t.co/Ow7I2AUiKD,https://twitter.com/gccaedits/status/572095832524247040,Wed Jul 09 12:06:54 +0000 2014,gccaedits,False,I'm a bot that tweets anonymous Wikipedia edits that are made from Canadian Government IP addresses. I'm powered by: https://t.co/mip4rTkvth,9,6179,73,149,Canada,Gov. of Canada edits,gccaedits,2056,Eastern Time (US & Canada),https://github.com/ruebot/gccaedits-ip-address-ranges,False
,Sun Mar 01 16:29:37 +0000 2015,,,http://commons.wikimedia.org/w/index.php?diff=151669161&oldid=150070484&rcid=155887315,0,572071202233192448,,,,en,,False,0,,,"<a href=""https://twitter.com/gccaedits"" rel=""nofollow"">GC CA Edits</a>",File:Cloud and Thunderstorm.jpg Wikipedia article edited anonymously from Environment Canada http://t.co/G97nxKPWhX,https://twitter.com/gccaedits/status/572071202233192448,Wed Jul 09 12:06:54 +0000 2014,gccaedits,False,I'm a bot that tweets anonymous Wikipedia edits that are made from Canadian Government IP addresses. I'm powered by: https://t.co/mip4rTkvth,9,6179,73,149,Canada,Gov. of Canada edits,gccaedits,2056,Eastern Time (US & Canada),https://github.com/ruebot/gccaedits-ip-address-ranges,False
,Sun Mar 01 16:28:14 +0000 2015,,,http://commons.wikimedia.org/w/index.php?diff=151668573&oldid=151638902&rcid=155886679,2,572070854135324673,,,,en,,False,2,,,"<a href=""https://twitter.com/gccaedits"" rel=""nofollow"">GC CA Edits</a>","File:Thunderstorm near Elko, Nevada.JPG Wikipedia article edited anonymously from Environment Canada http://t.co/P6ADBqySeZ",https://twitter.com/gccaedits/status/572070854135324673,Wed Jul 09 12:06:54 +0000 2014,gccaedits,False,I'm a bot that tweets anonymous Wikipedia edits that are made from Canadian Government IP addresses. I'm powered by: https://t.co/mip4rTkvth,9,6179,73,149,Canada,Gov. of Canada edits,gccaedits,2056,Eastern Time (US & Canada),https://github.com/ruebot/gccaedits-ip-address-ranges,False
,Sun Mar 01 16:27:05 +0000 2015,,,http://commons.wikimedia.org/w/index.php?diff=151668294&oldid=141002697&rcid=155886395,0,572070563906265089,,,,en,,False,1,,,"<a href=""https://twitter.com/gccaedits"" rel=""nofollow"">GC CA Edits</a>","File:Historic American Buildings Survey, Arnold Moses, P Wikipedia article edited anonymously from Environment Canada http://t.co/JbUA2NcLuF",https://twitter.com/gccaedits/status/572070563906265089,Wed Jul 09 12:06:54 +0000 2014,gccaedits,False,I'm a bot that tweets anonymous Wikipedia edits that are made from Canadian Government IP addresses. I'm powered by: https://t.co/mip4rTkvth,9,6179,73,149,Canada,Gov. of Canada edits,gccaedits,2056,Eastern Time (US & Canada),https://github.com/ruebot/gccaedits-ip-address-ranges,False
,Sun Mar 01 10:35:28 +0000 2015,,,http://en.wikipedia.org/w/index.php?diff=649359533&oldid=631961717,0,571982074569216001,,,,fr,,False,0,,,"<a href=""https://twitter.com/gccaedits"" rel=""nofollow"">GC CA Edits</a>",Aéreo Calafia Wikipedia article edited anonymously from Shared Services Canada http://t.co/iou1Y1P3j0,https://twitter.com/gccaedits/status/571982074569216001,Wed Jul 09 12:06:54 +0000 2014,gccaedits,False,I'm a bot that tweets anonymous Wikipedia edits that are made from Canadian Government IP addresses. I'm powered by: https://t.co/mip4rTkvth,9,6179,73,149,Canada,Gov. of Canada edits,gccaedits,2056,Eastern Time (US & Canada),https://github.com/ruebot/gccaedits-ip-address-ranges,False
,Sat Feb 28 21:57:25 +0000 2015,,,,1,571791307611361282,PeteForsyth,450892612694601728,14649205,en,,,0,,,"<a href=""http://twitter.com"" rel=""nofollow"">Twitter Web Client</a>",@PeteForsyth @ThePublicSquare Someone rigged up a slick bot for WP edits from Canadian Gov't IPs @gccaedits,https://twitter.com/ggatin/status/571791307611361282,Fri Mar 09 22:46:29 +0000 2007,ggatin,False,"Working on my consistent, well-rehearsed, & plausible cover story.",3704,1193,1500,76,#bdnmb #cdnpoli #journalism,No Particular Order,ggatin,14249,Central Time (US & Canada),,False
,Sat Feb 28 02:27:22 +0000 2015,circle,,,1,571496855802028034,DarpaCanadian,571495965112209408,2943001393,und,,,0,,,"<a href=""https://mobile.twitter.com"" rel=""nofollow"">Mobile Web (M5)</a>",@ABC7 @infowars @gccaedits @gcnchambers @GCNlive @GovCommsNetwork @gcntweet @FBI @CIA @SecretService @ABCNetwork @RCMP_Nat_Div ... #circle,https://twitter.com/DarpaCanadian/status/571496855802028034,Thu Dec 25 15:06:08 +0000 2014,DarpaCanadian,False,"Targeted Canadian, Darpa Experimentation, Virtual Rape Victim In Real Time, Virtual Medical Hacking,...Alex Jones, Jerome Corsi & George Noory(C2C) PAIN... V2K",12,0,1274,6,"Winnipeg Manitoba, Canada",Lee Anne Kulcheski,DarpaCanadian,1267,Central Time (US & Canada),,False
,Sat Feb 28 02:23:50 +0000 2015,,,,1,571495965112209408,ABC7,571494206193049600,16374678,en,,,0,,,"<a href=""https://mobile.twitter.com"" rel=""nofollow"">Mobile Web (M5)</a>",@ABC7 Thankyou Very Much I Just Stole It Back... Enough @infowars @gccaedits @gcnchambers @GCNlive @GovCommsNetwork @gcntweet... @FBI @CIA,https://twitter.com/DarpaCanadian/status/571495965112209408,Thu Dec 25 15:06:08 +0000 2014,DarpaCanadian,False,"Targeted Canadian, Darpa Experimentation, Virtual Rape Victim In Real Time, Virtual Medical Hacking,...Alex Jones, Jerome Corsi & George Noory(C2C) PAIN... V2K",12,0,1274,6,"Winnipeg Manitoba, Canada",Lee Anne Kulcheski,DarpaCanadian,1267,Central Time (US & Canada),,False
,Fri Feb 27 20:22:55 +0000 2015,,,http://en.wikipedia.org/w/index.php?diff=649132431&oldid=649132168,0,571405138918838272,,,,en,,False,2,,,"<a href=""https://twitter.com/gccaedits"" rel=""nofollow"">GC CA Edits</a>",Maurice Vellacott Wikipedia article edited anonymously from Canadian House of Commons http://t.co/L1lA1m1aTt,https://twitter.com/gccaedits/status/571405138918838272,Wed Jul 09 12:06:54 +0000 2014,gccaedits,False,I'm a bot that tweets anonymous Wikipedia edits that are made from Canadian Government IP addresses. I'm powered by: https://t.co/mip4rTkvth,9,6179,73,149,Canada,Gov. of Canada edits,gccaedits,2056,Eastern Time (US & Canada),https://github.com/ruebot/gccaedits-ip-address-ranges,False
,Fri Feb 27 20:18:46 +0000 2015,,,http://en.wikipedia.org/w/index.php?diff=649131950&oldid=649131531,0,571404093635362816,,,,en,,False,2,,,"<a href=""https://twitter.com/gccaedits"" rel=""nofollow"">GC CA Edits</a>",Maurice Vellacott Wikipedia article edited anonymously from Canadian House of Commons http://t.co/kkkFBmIl8u,https://twitter.com/gccaedits/status/571404093635362816,Wed Jul 09 12:06:54 +0000 2014,gccaedits,False,I'm a bot that tweets anonymous Wikipedia edits that are made from Canadian Government IP addresses. I'm powered by: https://t.co/mip4rTkvth,9,6179,73,149,Canada,Gov. of Canada edits,gccaedits,2056,Eastern Time (US & Canada),https://github.com/ruebot/gccaedits-ip-address-ranges,False
,Fri Feb 27 20:15:08 +0000 2015,,,http://en.wikipedia.org/w/index.php?diff=649131531&oldid=648850783,1,571403178677313540,,,,en,,False,2,,,"<a href=""https://twitter.com/gccaedits"" rel=""nofollow"">GC CA Edits</a>",Maurice Vellacott Wikipedia article edited anonymously from Canadian House of Commons http://t.co/7gGIOGExQa,https://twitter.com/gccaedits/status/571403178677313540,Wed Jul 09 12:06:54 +0000 2014,gccaedits,False,I'm a bot that tweets anonymous Wikipedia edits that are made from Canadian Government IP addresses. I'm powered by: https://t.co/mip4rTkvth,9,6179,73,149,Canada,Gov. of Canada edits,gccaedits,2056,Eastern Time (US & Canada),https://github.com/ruebot/gccaedits-ip-address-ranges,False
,Fri Feb 27 18:54:25 +0000 2015,,,http://en.wikipedia.org/w/index.php?diff=649122115&oldid=649122039,0,571382865235214336,,,,en,,False,0,,,"<a href=""https://twitter.com/gccaedits"" rel=""nofollow"">GC CA Edits</a>",Earl Armstrong Arena Wikipedia article edited anonymously from Shared Services Canada http://t.co/0OZV1tPCpT,https://twitter.com/gccaedits/status/571382865235214336,Wed Jul 09 12:06:54 +0000 2014,gccaedits,False,I'm a bot that tweets anonymous Wikipedia edits that are made from Canadian Government IP addresses. I'm powered by: https://t.co/mip4rTkvth,9,6179,73,149,Canada,Gov. of Canada edits,gccaedits,2056,Eastern Time (US & Canada),https://github.com/ruebot/gccaedits-ip-address-ranges,False
,Fri Feb 27 18:53:52 +0000 2015,,,http://en.wikipedia.org/w/index.php?diff=649122039&oldid=649121844,0,571382725258698753,,,,en,,False,0,,,"<a href=""https://twitter.com/gccaedits"" rel=""nofollow"">GC CA Edits</a>",Earl Armstrong Arena Wikipedia article edited anonymously from Shared Services Canada http://t.co/5UK5V9bF3O,https://twitter.com/gccaedits/status/571382725258698753,Wed Jul 09 12:06:54 +0000 2014,gccaedits,False,I'm a bot that tweets anonymous Wikipedia edits that are made from Canadian Government IP addresses. I'm powered by: https://t.co/mip4rTkvth,9,6179,73,149,Canada,Gov. of Canada edits,gccaedits,2056,Eastern Time (US & Canada),https://github.com/ruebot/gccaedits-ip-address-ranges,False
,Fri Feb 27 18:52:13 +0000 2015,,,http://en.wikipedia.org/w/index.php?diff=649121844&oldid=649121471,0,571382311587090433,,,,en,,False,0,,,"<a href=""https://twitter.com/gccaedits"" rel=""nofollow"">GC CA Edits</a>",Earl Armstrong Arena Wikipedia article edited anonymously from Shared Services Canada http://t.co/9qzk4KcnDv,https://twitter.com/gccaedits/status/571382311587090433,Wed Jul 09 12:06:54 +0000 2014,gccaedits,False,I'm a bot that tweets anonymous Wikipedia edits that are made from Canadian Government IP addresses. I'm powered by: https://t.co/mip4rTkvth,9,6179,73,149,Canada,Gov. of Canada edits,gccaedits,2056,Eastern Time (US & Canada),https://github.com/ruebot/gccaedits-ip-address-ranges,False
,Fri Feb 27 18:49:05 +0000 2015,,,http://en.wikipedia.org/w/index.php?diff=649121471&oldid=649121090,0,571381522021916673,,,,en,,False,0,,,"<a href=""https://twitter.com/gccaedits"" rel=""nofollow"">GC CA Edits</a>",Earl Armstrong Arena Wikipedia article edited anonymously from Shared Services Canada http://t.co/eqHoD4Vmov,https://twitter.com/gccaedits/status/571381522021916673,Wed Jul 09 12:06:54 +0000 2014,gccaedits,False,I'm a bot that tweets anonymous Wikipedia edits that are made from Canadian Government IP addresses. I'm powered by: https://t.co/mip4rTkvth,9,6179,73,149,Canada,Gov. of Canada edits,gccaedits,2056,Eastern Time (US & Canada),https://github.com/ruebot/gccaedits-ip-address-ranges,False
,Fri Feb 27 18:45:36 +0000 2015,,,http://en.wikipedia.org/w/index.php?diff=649121090&oldid=643909387,0,571380648398733312,,,,en,,False,0,,,"<a href=""https://twitter.com/gccaedits"" rel=""nofollow"">GC CA Edits</a>",Earl Armstrong Arena Wikipedia article edited anonymously from Shared Services Canada http://t.co/Sn4pHqlTmu,https://twitter.com/gccaedits/status/571380648398733312,Wed Jul 09 12:06:54 +0000 2014,gccaedits,False,I'm a bot that tweets anonymous Wikipedia edits that are made from Canadian Government IP addresses. I'm powered by: https://t.co/mip4rTkvth,9,6179,73,149,Canada,Gov. of Canada edits,gccaedits,2056,Eastern Time (US & Canada),https://github.com/ruebot/gccaedits-ip-address-ranges,False
,Fri Feb 27 18:37:05 +0000 2015,,,http://en.wikipedia.org/w/index.php?diff=649120103&oldid=649095388,0,571378502345342976,,,,en,,False,1,,,"<a href=""https://twitter.com/gccaedits"" rel=""nofollow"">GC CA Edits</a>",2015 Tim Hortons Brier Wikipedia article edited anonymously from Shared Services Canada http://t.co/HqepGYOzOD,https://twitter.com/gccaedits/status/571378502345342976,Wed Jul 09 12:06:54 +0000 2014,gccaedits,False,I'm a bot that tweets anonymous Wikipedia edits that are made from Canadian Government IP addresses. I'm powered by: https://t.co/mip4rTkvth,9,6179,73,149,Canada,Gov. of Canada edits,gccaedits,2056,Eastern Time (US & Canada),https://github.com/ruebot/gccaedits-ip-address-ranges,False
,Fri Feb 27 17:21:39 +0000 2015,,,http://en.wikipedia.org/w/index.php?diff=649111100&oldid=649093851,0,571359518321451009,,,,en,,False,0,,,"<a href=""https://twitter.com/gccaedits"" rel=""nofollow"">GC CA Edits</a>",SDSS J0100+2802 Wikipedia article edited anonymously from Department of Justice Canada http://t.co/FNCHgde215,https://twitter.com/gccaedits/status/571359518321451009,Wed Jul 09 12:06:54 +0000 2014,gccaedits,False,I'm a bot that tweets anonymous Wikipedia edits that are made from Canadian Government IP addresses. I'm powered by: https://t.co/mip4rTkvth,9,6179,73,149,Canada,Gov. of Canada edits,gccaedits,2056,Eastern Time (US & Canada),https://github.com/ruebot/gccaedits-ip-address-ranges,False
,Fri Feb 27 16:42:31 +0000 2015,,,http://en.wikipedia.org/w/index.php?diff=649106694&oldid=647896398,1,571349671198760960,,,,en,,False,4,,,"<a href=""https://twitter.com/gccaedits"" rel=""nofollow"">GC CA Edits</a>",Toluene Wikipedia article edited anonymously from Natural Resources Canada http://t.co/ktacsKOQ9o,https://twitter.com/gccaedits/status/571349671198760960,Wed Jul 09 12:06:54 +0000 2014,gccaedits,False,I'm a bot that tweets anonymous Wikipedia edits that are made from Canadian Government IP addresses. I'm powered by: https://t.co/mip4rTkvth,9,6179,73,149,Canada,Gov. of Canada edits,gccaedits,2056,Eastern Time (US & Canada),https://github.com/ruebot/gccaedits-ip-address-ranges,False
,Thu Feb 26 21:39:48 +0000 2015,,,,0,571062098513555456,gccaedits,571057283700015104,2613454796,und,,,0,,,"<a href=""http://twitter.com/download/iphone"" rel=""nofollow"">Twitter for iPhone</a>",@gccaedits boo,https://twitter.com/davyay/status/571062098513555456,Fri Jan 28 19:53:43 +0000 2011,davyay,False,There's nothing wrong with raisins. Author of Wereduck (2014) and Cure for Wereduck (2016) from @nimbuspub. @research_upei by day.,3972,867,541,30,"Charlottetown, PEI",Dave Atkinson,davyay,19492,Santiago,http://daveatkinson.ca,False
,Thu Feb 26 21:22:16 +0000 2015,,,,0,571057682939047936,gccaedits,571057283700015104,2613454796,en,,,0,,,"<a href=""http://twitter.com"" rel=""nofollow"">Twitter Web Client</a>",@gccaedits Someone felt really strongly that a gummy bear was not a type of bear.,https://twitter.com/nisamalli/status/571057682939047936,Mon Jun 10 14:35:34 +0000 2013,nisamalli,False,"@DMCPI + #policyinnovation, @uOttawaGSPIA alumna researching #opengov + critical theory, ex-pat Manitoban living in #Ottawa.",124,308,368,18,,Nisa Malli,nisamalli,366,Eastern Time (US & Canada),,False
,Thu Feb 26 21:20:40 +0000 2015,,,http://en.wikipedia.org/w/index.php?diff=648993907&oldid=648699397,2,571057283700015104,,,,en,,False,11,,,"<a href=""https://twitter.com/gccaedits"" rel=""nofollow"">GC CA Edits</a>",List of bears Wikipedia article edited anonymously from Shared Services Canada http://t.co/NFphJ1GBsb,https://twitter.com/gccaedits/status/571057283700015104,Wed Jul 09 12:06:54 +0000 2014,gccaedits,False,I'm a bot that tweets anonymous Wikipedia edits that are made from Canadian Government IP addresses. I'm powered by: https://t.co/mip4rTkvth,9,6179,73,149,Canada,Gov. of Canada edits,gccaedits,2056,Eastern Time (US & Canada),https://github.com/ruebot/gccaedits-ip-address-ranges,False
,Thu Feb 26 20:34:37 +0000 2015,,,,0,571045694481547264,,,,en,,,0,,,"<a href=""http://twitter.com"" rel=""nofollow"">Twitter Web Client</a>","Dear ppl working at DND and at Shared Services:
Have you heard of @gccaedits ???
Sincerely, 
Holly",https://twitter.com/DavisHollya/status/571045694481547264,Tue Dec 13 14:57:01 +0000 2011,DavisHollya,False,"Ur doing it wrong. I am, too.",131,36,75,1,,Holly Davis,DavisHollya,1370,Central Time (US & Canada),,False
,Thu Feb 26 20:25:55 +0000 2015,,,http://www.cbc.ca/1.2973082,0,571043505235214336,cmusician,571043213395550208,255067647,en,,False,0,,,"<a href=""http://twitter.com"" rel=""nofollow"">Twitter Web Client</a>",Rehtaeh Parsons case: Dad of guilty man reportedly arrested in Wikipedia edits probe .. http://t.co/EWOidWzYol @jkenney @gccaedits,https://twitter.com/cmusician/status/571043505235214336,Sun Feb 20 16:13:37 +0000 2011,cmusician,False,"Retired teacher, amateur fishing guide",59275,1939,2002,104,,Carolyn Hudson,cmusician,113506,Central Time (US & Canada),,False
,Thu Feb 26 20:24:46 +0000 2015,RehtaehParsons,,,0,571043213395550208,gccaedits,571042666454106112,2613454796,en,,,0,,,"<a href=""http://twitter.com"" rel=""nofollow"">Twitter Web Client</a>","Is that all those DND guys do, edit Wikipedia articles? .. #RehtaehParsons @CanadianForces @jkenney @gccaedits",https://twitter.com/cmusician/status/571043213395550208,Sun Feb 20 16:13:37 +0000 2011,cmusician,False,"Retired teacher, amateur fishing guide",59275,1939,2002,104,,Carolyn Hudson,cmusician,113506,Central Time (US & Canada),,False
,Thu Feb 26 20:22:35 +0000 2015,,,http://fr.wikipedia.org/w/index.php?diff=112229630&oldid=112229581&rcid=136353458,0,571042666454106112,,,,en,,False,2,,,"<a href=""https://twitter.com/gccaedits"" rel=""nofollow"">GC CA Edits</a>",Charny (Lévis) Wikipedia article edited anonymously from Canadian Department of National Defence http://t.co/KmkzpFFxHx,https://twitter.com/gccaedits/status/571042666454106112,Wed Jul 09 12:06:54 +0000 2014,gccaedits,False,I'm a bot that tweets anonymous Wikipedia edits that are made from Canadian Government IP addresses. I'm powered by: https://t.co/mip4rTkvth,9,6179,73,149,Canada,Gov. of Canada edits,gccaedits,2056,Eastern Time (US & Canada),https://github.com/ruebot/gccaedits-ip-address-ranges,False
,Thu Feb 26 20:22:15 +0000 2015,,,,0,571042583201353729,gccaedits,571041267351752704,2613454796,en,,,0,,,"<a href=""http://twitter.com"" rel=""nofollow"">Twitter Web Client</a>",@gccaedits MCDonald's est un site touristique? Someone thinks they're a comedian...,https://twitter.com/djshaunnet/status/571042583201353729,Sat Feb 04 02:04:38 +0000 2012,djshaunnet,False,"Disc jockey, music fan, cyclist, IT professional, beer lover, foodie, paintball player, political junkie, family man, cynic, skeptic, sarcastic.",621,211,274,12,"Ottawa, ON",DJ Shaun,djshaunnet,10993,Atlantic Time (Canada),http://www.mixcloud.com/dj_shaun/,False
,Thu Feb 26 20:20:31 +0000 2015,,,http://fr.wikipedia.org/w/index.php?diff=112229579&oldid=112229554&rcid=136353347,0,571042146201047041,,,,en,,False,0,,,"<a href=""https://twitter.com/gccaedits"" rel=""nofollow"">GC CA Edits</a>",Charny (Lévis) Wikipedia article edited anonymously from Canadian Department of National Defence http://t.co/9Eg0L72MOR,https://twitter.com/gccaedits/status/571042146201047041,Wed Jul 09 12:06:54 +0000 2014,gccaedits,False,I'm a bot that tweets anonymous Wikipedia edits that are made from Canadian Government IP addresses. I'm powered by: https://t.co/mip4rTkvth,9,6179,73,149,Canada,Gov. of Canada edits,gccaedits,2056,Eastern Time (US & Canada),https://github.com/ruebot/gccaedits-ip-address-ranges,False
,Thu Feb 26 20:19:20 +0000 2015,,,http://fr.wikipedia.org/w/index.php?diff=112229541&oldid=112229525&rcid=136353276,0,571041848216723458,,,,en,,False,1,,,"<a href=""https://twitter.com/gccaedits"" rel=""nofollow"">GC CA Edits</a>",Charny (Lévis) Wikipedia article edited anonymously from Canadian Department of National Defence http://t.co/aVVJM4MqDd,https://twitter.com/gccaedits/status/571041848216723458,Wed Jul 09 12:06:54 +0000 2014,gccaedits,False,I'm a bot that tweets anonymous Wikipedia edits that are made from Canadian Government IP addresses. I'm powered by: https://t.co/mip4rTkvth,9,6179,73,149,Canada,Gov. of Canada edits,gccaedits,2056,Eastern Time (US & Canada),https://github.com/ruebot/gccaedits-ip-address-ranges,False
,Thu Feb 26 20:18:16 +0000 2015,,,http://fr.wikipedia.org/w/index.php?diff=112229519&oldid=112229499&rcid=136353212,0,571041577147207680,,,,en,,False,0,,,"<a href=""https://twitter.com/gccaedits"" rel=""nofollow"">GC CA Edits</a>",Charny (Lévis) Wikipedia article edited anonymously from Canadian Department of National Defence http://t.co/tigIPmsZn0,https://twitter.com/gccaedits/status/571041577147207680,Wed Jul 09 12:06:54 +0000 2014,gccaedits,False,I'm a bot that tweets anonymous Wikipedia edits that are made from Canadian Government IP addresses. I'm powered by: https://t.co/mip4rTkvth,9,6179,73,149,Canada,Gov. of Canada edits,gccaedits,2056,Eastern Time (US & Canada),https://github.com/ruebot/gccaedits-ip-address-ranges,False
,Thu Feb 26 20:17:02 +0000 2015,,,http://fr.wikipedia.org/w/index.php?diff=112229489&oldid=112229458&rcid=136353152,0,571041267351752704,,,,en,,False,0,,,"<a href=""https://twitter.com/gccaedits"" rel=""nofollow"">GC CA Edits</a>",Charny (Lévis) Wikipedia article edited anonymously from Canadian Department of National Defence http://t.co/n10SHbVFNB,https://twitter.com/gccaedits/status/571041267351752704,Wed Jul 09 12:06:54 +0000 2014,gccaedits,False,I'm a bot that tweets anonymous Wikipedia edits that are made from Canadian Government IP addresses. I'm powered by: https://t.co/mip4rTkvth,9,6179,73,149,Canada,Gov. of Canada edits,gccaedits,2056,Eastern Time (US & Canada),https://github.com/ruebot/gccaedits-ip-address-ranges,False
,Thu Feb 26 20:14:53 +0000 2015,,,http://fr.wikipedia.org/w/index.php?diff=112229434&oldid=112229395&rcid=136353050,0,571040726269730816,,,,en,,False,0,,,"<a href=""https://twitter.com/gccaedits"" rel=""nofollow"">GC CA Edits</a>",Charny (Lévis) Wikipedia article edited anonymously from Canadian Department of National Defence http://t.co/Sp56q44KXj,https://twitter.com/gccaedits/status/571040726269730816,Wed Jul 09 12:06:54 +0000 2014,gccaedits,False,I'm a bot that tweets anonymous Wikipedia edits that are made from Canadian Government IP addresses. I'm powered by: https://t.co/mip4rTkvth,9,6179,73,149,Canada,Gov. of Canada edits,gccaedits,2056,Eastern Time (US & Canada),https://github.com/ruebot/gccaedits-ip-address-ranges,False
,Thu Feb 26 20:10:35 +0000 2015,,,http://fr.wikipedia.org/w/index.php?diff=112229318&oldid=112229306&rcid=136352871,0,571039647096295424,,,,en,,False,1,,,"<a href=""https://twitter.com/gccaedits"" rel=""nofollow"">GC CA Edits</a>",Charny (Lévis) Wikipedia article edited anonymously from Canadian Department of National Defence http://t.co/N7xanIqQ9y,https://twitter.com/gccaedits/status/571039647096295424,Wed Jul 09 12:06:54 +0000 2014,gccaedits,False,I'm a bot that tweets anonymous Wikipedia edits that are made from Canadian Government IP addresses. I'm powered by: https://t.co/mip4rTkvth,9,6179,73,149,Canada,Gov. of Canada edits,gccaedits,2056,Eastern Time (US & Canada),https://github.com/ruebot/gccaedits-ip-address-ranges,False
,Thu Feb 26 20:10:07 +0000 2015,,,http://fr.wikipedia.org/w/index.php?diff=112229306&oldid=112229264&rcid=136352845,0,571039525872504832,,,,en,,False,0,,,"<a href=""https://twitter.com/gccaedits"" rel=""nofollow"">GC CA Edits</a>",Charny (Lévis) Wikipedia article edited anonymously from Canadian Department of National Defence http://t.co/sHsSvYLDdS,https://twitter.com/gccaedits/status/571039525872504832,Wed Jul 09 12:06:54 +0000 2014,gccaedits,False,I'm a bot that tweets anonymous Wikipedia edits that are made from Canadian Government IP addresses. I'm powered by: https://t.co/mip4rTkvth,9,6179,73,149,Canada,Gov. of Canada edits,gccaedits,2056,Eastern Time (US & Canada),https://github.com/ruebot/gccaedits-ip-address-ranges,False
,Thu Feb 26 20:08:22 +0000 2015,,,http://fr.wikipedia.org/w/index.php?diff=112229259&oldid=112229119&rcid=136352772,0,571039087228018688,,,,en,,False,1,,,"<a href=""https://twitter.com/gccaedits"" rel=""nofollow"">GC CA Edits</a>",Charny (Lévis) Wikipedia article edited anonymously from Canadian Department of National Defence http://t.co/sELLcztbsn,https://twitter.com/gccaedits/status/571039087228018688,Wed Jul 09 12:06:54 +0000 2014,gccaedits,False,I'm a bot that tweets anonymous Wikipedia edits that are made from Canadian Government IP addresses. I'm powered by: https://t.co/mip4rTkvth,9,6179,73,149,Canada,Gov. of Canada edits,gccaedits,2056,Eastern Time (US & Canada),https://github.com/ruebot/gccaedits-ip-address-ranges,False
,Thu Feb 26 20:03:34 +0000 2015,,,http://fr.wikipedia.org/w/index.php?diff=112229119&oldid=112221568&rcid=136352541,0,571037880073760768,,,,en,,False,1,,,"<a href=""https://twitter.com/gccaedits"" rel=""nofollow"">GC CA Edits</a>",Charny (Lévis) Wikipedia article edited anonymously from Canadian Department of National Defence http://t.co/XJExqmpUCB,https://twitter.com/gccaedits/status/571037880073760768,Wed Jul 09 12:06:54 +0000 2014,gccaedits,False,I'm a bot that tweets anonymous Wikipedia edits that are made from Canadian Government IP addresses. I'm powered by: https://t.co/mip4rTkvth,9,6179,73,149,Canada,Gov. of Canada edits,gccaedits,2056,Eastern Time (US & Canada),https://github.com/ruebot/gccaedits-ip-address-ranges,False
,Thu Feb 26 19:47:36 +0000 2015,,,http://en.wikipedia.org/w/index.php?diff=648980843&oldid=647821319,0,571033861867610113,,,,en,,False,0,,,"<a href=""https://twitter.com/gccaedits"" rel=""nofollow"">GC CA Edits</a>",Talk:Instagram Wikipedia article edited anonymously from Environment Canada http://t.co/Tqd3lQpIld,https://twitter.com/gccaedits/status/571033861867610113,Wed Jul 09 12:06:54 +0000 2014,gccaedits,False,I'm a bot that tweets anonymous Wikipedia edits that are made from Canadian Government IP addresses. I'm powered by: https://t.co/mip4rTkvth,9,6179,73,149,Canada,Gov. of Canada edits,gccaedits,2056,Eastern Time (US & Canada),https://github.com/ruebot/gccaedits-ip-address-ranges,False
,Thu Feb 26 19:32:14 +0000 2015,,,http://en.wikipedia.org/w/index.php?diff=648978651&oldid=648978527,0,571029994572550144,,,,en,,False,1,,,"<a href=""https://twitter.com/gccaedits"" rel=""nofollow"">GC CA Edits</a>",Canadian Forces Northern Area Headquarters Yellowkni Wikipedia article edited anonymously from Shared Services Canada http://t.co/ZV97aWgcTY,https://twitter.com/gccaedits/status/571029994572550144,Wed Jul 09 12:06:54 +0000 2014,gccaedits,False,I'm a bot that tweets anonymous Wikipedia edits that are made from Canadian Government IP addresses. I'm powered by: https://t.co/mip4rTkvth,9,6179,73,149,Canada,Gov. of Canada edits,gccaedits,2056,Eastern Time (US & Canada),https://github.com/ruebot/gccaedits-ip-address-ranges,False
,Thu Feb 26 19:31:27 +0000 2015,,,http://en.wikipedia.org/w/index.php?diff=648978527&oldid=614329061,0,571029796945334272,,,,en,,False,0,,,"<a href=""https://twitter.com/gccaedits"" rel=""nofollow"">GC CA Edits</a>",Canadian Forces Northern Area Headquarters Yellowkni Wikipedia article edited anonymously from Shared Services Canada http://t.co/798638qpgu,https://twitter.com/gccaedits/status/571029796945334272,Wed Jul 09 12:06:54 +0000 2014,gccaedits,False,I'm a bot that tweets anonymous Wikipedia edits that are made from Canadian Government IP addresses. I'm powered by: https://t.co/mip4rTkvth,9,6179,73,149,Canada,Gov. of Canada edits,gccaedits,2056,Eastern Time (US & Canada),https://github.com/ruebot/gccaedits-ip-address-ranges,False
,Thu Feb 26 19:20:32 +0000 2015,,,http://fr.wikipedia.org/w/index.php?diff=112228120&oldid=105969672&rcid=136350006,0,571027049013501952,,,,en,,False,1,,,"<a href=""https://twitter.com/gccaedits"" rel=""nofollow"">GC CA Edits</a>",Jamie Nicholls Wikipedia article edited anonymously from Canadian House of Commons http://t.co/MwaLTjNlgn,https://twitter.com/gccaedits/status/571027049013501952,Wed Jul 09 12:06:54 +0000 2014,gccaedits,False,I'm a bot that tweets anonymous Wikipedia edits that are made from Canadian Government IP addresses. I'm powered by: https://t.co/mip4rTkvth,9,6179,73,149,Canada,Gov. of Canada edits,gccaedits,2056,Eastern Time (US & Canada),https://github.com/ruebot/gccaedits-ip-address-ranges,False
,Thu Feb 26 18:47:35 +0000 2015,,,http://en.wikipedia.org/w/index.php?diff=648972349&oldid=621275539,0,571018757176467456,,,,en,,False,1,,,"<a href=""https://twitter.com/gccaedits"" rel=""nofollow"">GC CA Edits</a>",Blake Richards Wikipedia article edited anonymously from Canadian House of Commons http://t.co/bLt1utX0VY,https://twitter.com/gccaedits/status/571018757176467456,Wed Jul 09 12:06:54 +0000 2014,gccaedits,False,I'm a bot that tweets anonymous Wikipedia edits that are made from Canadian Government IP addresses. I'm powered by: https://t.co/mip4rTkvth,9,6179,73,149,Canada,Gov. of Canada edits,gccaedits,2056,Eastern Time (US & Canada),https://github.com/ruebot/gccaedits-ip-address-ranges,False
,Thu Feb 26 17:53:29 +0000 2015,,,http://www.cbc.ca/m/news/canada/nova-scotia/rehtaeh-parsons-case-dad-of-guilty-man-reportedly-arrested-in-wikipedia-edits-probe-1.2973082,0,571005145011523584,,,,en,,False,1,570997306348216320,grayshine,"<a href=""https://about.twitter.com/products/tweetdeck"" rel=""nofollow"">TweetDeck</a>","RT @grayshine: holy shit, this was the @gccaedits edit that i pointed out: http://t.co/2xVQ7U4uNY",https://twitter.com/MattGoerzen/status/571005145011523584,Mon Aug 16 16:57:48 +0000 2010,MattGoerzen,False,"Brandon Sun Editor, editorial writer, sometimes photographer. Tweets are my own.",516,677,614,24,"Brandon, Manitoba",Matt Goerzen,MattGoerzen,3204,Central Time (US & Canada),http://about.me/Matt.Goerzen,False
,Thu Feb 26 17:22:21 +0000 2015,,,http://www.cbc.ca/m/news/canada/nova-scotia/rehtaeh-parsons-case-dad-of-guilty-man-reportedly-arrested-in-wikipedia-edits-probe-1.2973082,2,570997306348216320,,,,en,,False,1,,,"<a href=""http://twitter.com/download/android"" rel=""nofollow"">Twitter for Android</a>","holy shit, this was the @gccaedits edit that i pointed out: http://t.co/2xVQ7U4uNY",https://twitter.com/grayshine/status/570997306348216320,Tue Oct 16 23:37:45 +0000 2007,grayshine,False,my name is gray // (they/them) // queer as hell cyborg,9364,566,622,18,maritimes (canada isn't real),gray,grayshine,29343,Atlantic Time (Canada),,False
,Thu Feb 26 17:20:17 +0000 2015,,,,1,570996789500715008,gccaedits,562703012486201346,2613454796,en,,,1,,,"<a href=""https://twitter.com/download/android"" rel=""nofollow"">Twitter for Android Tablets</a>",@gccaedits Someone in govt is carefully watching over the cover story.,https://twitter.com/ggatin/status/570996789500715008,Fri Mar 09 22:46:29 +0000 2007,ggatin,False,"Working on my consistent, well-rehearsed, & plausible cover story.",3704,1193,1500,76,#bdnmb #cdnpoli #journalism,No Particular Order,ggatin,14249,Central Time (US & Canada),,False
,Thu Feb 26 17:08:13 +0000 2015,cdnpoli,,,0,570993751599898624,jaglister,570976849171345410,224935028,en,,,0,,,"<a href=""https://twitter.com/download/android"" rel=""nofollow"">Twitter for Android Tablets</a>",@jaglister @Beari8it Follow @gccaedits to see how govt of #cdnpoli computers are used to edit Wikipedia,https://twitter.com/ggatin/status/570993751599898624,Fri Mar 09 22:46:29 +0000 2007,ggatin,False,"Working on my consistent, well-rehearsed, & plausible cover story.",3704,1193,1500,76,#bdnmb #cdnpoli #journalism,No Particular Order,ggatin,14249,Central Time (US & Canada),,False
,Thu Feb 26 16:58:39 +0000 2015,,,,0,570991341813026816,,,,en,,,0,,,"<a href=""https://about.twitter.com/products/tweetdeck"" rel=""nofollow"">TweetDeck</a>",You'd figure someone in gov't would have written a memo to staffers about @gccaedits -- do yer wiki edits from home?,https://twitter.com/HugoAPRodrigues/status/570991341813026816,Thu Jun 18 19:46:16 +0000 2009,HugoAPRodrigues,False,"Managing editor, @standfreeholder in Cornwall, Ont. President of @CAJ. Comms mgr @lifesavingsport. Blogger. Human being.",9,2349,2555,114,"Cornwall, Ont.",Hugo Rodrigues,HugoAPRodrigues,35892,Eastern Time (US & Canada),,False
,Thu Feb 26 16:57:16 +0000 2015,,,http://en.wikipedia.org/w/index.php?diff=648958747&oldid=648958686,0,570990996839931904,,,,en,,False,0,,,"<a href=""https://twitter.com/gccaedits"" rel=""nofollow"">GC CA Edits</a>",Tahsis Wikipedia article edited anonymously from Canadian Department of National Defence http://t.co/jYgj8Nqro8,https://twitter.com/gccaedits/status/570990996839931904,Wed Jul 09 12:06:54 +0000 2014,gccaedits,False,I'm a bot that tweets anonymous Wikipedia edits that are made from Canadian Government IP addresses. I'm powered by: https://t.co/mip4rTkvth,9,6179,73,149,Canada,Gov. of Canada edits,gccaedits,2056,Eastern Time (US & Canada),https://github.com/ruebot/gccaedits-ip-address-ranges,False
,Thu Feb 26 16:56:47 +0000 2015,,,http://en.wikipedia.org/w/index.php?diff=648958686&oldid=632116732,0,570990874768871424,,,,en,,False,0,,,"<a href=""https://twitter.com/gccaedits"" rel=""nofollow"">GC CA Edits</a>",Tahsis Wikipedia article edited anonymously from Canadian Department of National Defence http://t.co/rrwRqqLNBf,https://twitter.com/gccaedits/status/570990874768871424,Wed Jul 09 12:06:54 +0000 2014,gccaedits,False,I'm a bot that tweets anonymous Wikipedia edits that are made from Canadian Government IP addresses. I'm powered by: https://t.co/mip4rTkvth,9,6179,73,149,Canada,Gov. of Canada edits,gccaedits,2056,Eastern Time (US & Canada),https://github.com/ruebot/gccaedits-ip-address-ranges,False
,Thu Feb 26 15:46:19 +0000 2015,,,http://en.wikipedia.org/w/index.php?diff=648949855&oldid=648948408,0,570973141301891073,,,,en,,False,0,,,"<a href=""https://twitter.com/gccaedits"" rel=""nofollow"">GC CA Edits</a>",Colt Canada C7 rifle Wikipedia article edited anonymously from Canadian Department of National Defence http://t.co/Ja57mSHKfL,https://twitter.com/gccaedits/status/570973141301891073,Wed Jul 09 12:06:54 +0000 2014,gccaedits,False,I'm a bot that tweets anonymous Wikipedia edits that are made from Canadian Government IP addresses. I'm powered by: https://t.co/mip4rTkvth,9,6179,73,149,Canada,Gov. of Canada edits,gccaedits,2056,Eastern Time (US & Canada),https://github.com/ruebot/gccaedits-ip-address-ranges,False
,Thu Feb 26 15:42:57 +0000 2015,,,http://www.cbc.ca/news/canada/nova-scotia/rehtaeh-parsons-case-dad-of-guilty-man-reportedly-arrested-in-wikipedia-edits-probe-1.2973082 https://twitter.com/gccaedits/status/560782754863132673,0,570972291284267008,,,,en,,False,0,,,"<a href=""http://twitter.com"" rel=""nofollow"">Twitter Web Client</a>","I'm not sure how I feel about this, but maybe @gccaedits helped it come to police attention. http://t.co/UbQ9rCC6PG  https://t.co/t5fQMYGjkH",https://twitter.com/mattskala/status/570972291284267008,Thu Jul 16 18:15:51 +0000 2009,mattskala,False,仕事はネコミミの撫でて。趣味が計算幾何学。,141,194,170,12,"Copenhagen, Denmark",Matthew Skala,mattskala,8491,Copenhagen,http://ansuz.sooke.bc.ca/,False
,Thu Feb 26 15:42:31 +0000 2015,,,http://en.wikipedia.org/w/index.php?diff=648949376&oldid=643525536,0,570972182093926400,,,,en,,False,2,,,"<a href=""https://twitter.com/gccaedits"" rel=""nofollow"">GC CA Edits</a>",M203 grenade launcher Wikipedia article edited anonymously from Canadian Department of National Defence http://t.co/XMD1jImOcM,https://twitter.com/gccaedits/status/570972182093926400,Wed Jul 09 12:06:54 +0000 2014,gccaedits,False,I'm a bot that tweets anonymous Wikipedia edits that are made from Canadian Government IP addresses. I'm powered by: https://t.co/mip4rTkvth,9,6179,73,149,Canada,Gov. of Canada edits,gccaedits,2056,Eastern Time (US & Canada),https://github.com/ruebot/gccaedits-ip-address-ranges,False
,Thu Feb 26 15:39:06 +0000 2015,,,http://fr.wikipedia.org/w/index.php?diff=112221404&oldid=112161008&rcid=136337949,0,570971323368902657,,,,en,,False,2,,,"<a href=""https://twitter.com/gccaedits"" rel=""nofollow"">GC CA Edits</a>",Charny (Lévis) Wikipedia article edited anonymously from Canadian Department of National Defence http://t.co/iUjI2dSbIp,https://twitter.com/gccaedits/status/570971323368902657,Wed Jul 09 12:06:54 +0000 2014,gccaedits,False,I'm a bot that tweets anonymous Wikipedia edits that are made from Canadian Government IP addresses. I'm powered by: https://t.co/mip4rTkvth,9,6179,73,149,Canada,Gov. of Canada edits,gccaedits,2056,Eastern Time (US & Canada),https://github.com/ruebot/gccaedits-ip-address-ranges,False
,Thu Feb 26 15:34:05 +0000 2015,,,http://en.wikipedia.org/w/index.php?diff=648948408&oldid=648948196,0,570970060753403905,,,,en,,False,1,,,"<a href=""https://twitter.com/gccaedits"" rel=""nofollow"">GC CA Edits</a>",Colt Canada C7 rifle Wikipedia article edited anonymously from Canadian Department of National Defence http://t.co/rqfFFSgyxN,https://twitter.com/gccaedits/status/570970060753403905,Wed Jul 09 12:06:54 +0000 2014,gccaedits,False,I'm a bot that tweets anonymous Wikipedia edits that are made from Canadian Government IP addresses. I'm powered by: https://t.co/mip4rTkvth,9,6179,73,149,Canada,Gov. of Canada edits,gccaedits,2056,Eastern Time (US & Canada),https://github.com/ruebot/gccaedits-ip-address-ranges,False
,Thu Feb 26 15:32:12 +0000 2015,,,http://en.wikipedia.org/w/index.php?diff=648948196&oldid=648013020,0,570969587031920640,,,,en,,False,0,,,"<a href=""https://twitter.com/gccaedits"" rel=""nofollow"">GC CA Edits</a>",Colt Canada C7 rifle Wikipedia article edited anonymously from Canadian Department of National Defence http://t.co/sSuUH3GNNq,https://twitter.com/gccaedits/status/570969587031920640,Wed Jul 09 12:06:54 +0000 2014,gccaedits,False,I'm a bot that tweets anonymous Wikipedia edits that are made from Canadian Government IP addresses. I'm powered by: https://t.co/mip4rTkvth,9,6179,73,149,Canada,Gov. of Canada edits,gccaedits,2056,Eastern Time (US & Canada),https://github.com/ruebot/gccaedits-ip-address-ranges,False
-79.466566 43.659951,Thu Feb 26 12:53:48 +0000 2015,,,,0,570929724874203136,edsu,570879329158205440,14331818,en,"Toronto, Ontario",,0,,,"<a href=""http://twitter.com/download/android"" rel=""nofollow"">Twitter for Android</a>","@edsu @hvdsomp @gccaedits yeah, that story just broke yesterday.",https://twitter.com/ruebot/status/570929724874203136,Fri Mar 13 01:11:04 +0000 2009,ruebot,False,,3699,1237,838,114,Toronto,nick ruest,ruebot,24845,Eastern Time (US & Canada),http://ruebot.net,False
,Thu Feb 26 12:04:06 +0000 2015,,,,0,570917216075452417,gccaedits,570743067193573376,2613454796,en,,,0,,,"<a href=""http://twitter.com"" rel=""nofollow"">Twitter Web Client</a>",@gccaedits @NationalDefence always nice to see our gov employees spending their time constructively on our dime!,https://twitter.com/SDAllenToronto/status/570917216075452417,Wed Aug 19 15:07:55 +0000 2009,SDAllenToronto,False,"Webweenie is a Slacktivist, Linux user since '96",2405,156,106,11,Toronto ,S.D.Allen,SDAllenToronto,10754,,http://webweenie.blogspot.com,False
,Thu Feb 26 09:33:33 +0000 2015,,,,0,570879329158205440,hvdsomp,570785434432770048,90083746,en,,,0,,,"<a href=""http://twitter.com"" rel=""nofollow"">Twitter Web Client</a>","@hvdsomp wow, I had heard a bit about that from @ruebot who runs @gccaedits but didn't realize it had progressed to that stage.",https://twitter.com/edsu/status/570879329158205440,Tue Apr 08 12:43:41 +0000 2008,edsu,False,pragmatist / archivist / humanist,4298,3500,1295,304,"Silver Spring, MD",Ed Summers,edsu,18940,Quito,https://keybase.io/edsu,False
,Thu Feb 26 07:52:11 +0000 2015,,,https://twitter.com/gccaedits/status/560782754863132673,0,570853819917082624,,,,en,,False,1,570713854218539009,danminkin,"<a href=""http://twitter.com"" rel=""nofollow"">Twitter Web Client</a>","RT @danminkin: Over this https://t.co/JraXjITahg ? MT @CTVAnchor Dad of convict in Rehtaeh Parsons case arrested, Q'd re tampering w/wiki s…",https://twitter.com/DavidRayAmos/status/570853819917082624,Wed Feb 10 18:37:59 +0000 2010,DavidRayAmos,False,Go Figure,1,188,988,7,East ,David Raymond Amos,DavidRayAmos,4553,Santiago,http://www.checktheevidence.com/pdf/2526023-DAMOSIntegrity-yea-right.-txt.pdf,False
,Thu Feb 26 00:32:05 +0000 2015,,,http://en.wikipedia.org/w/index.php?diff=648867092&oldid=648584007,3,570743067193573376,,,,en,,False,1,,,"<a href=""https://twitter.com/gccaedits"" rel=""nofollow"">GC CA Edits</a>",Voice of Fire Wikipedia article edited anonymously from Canadian Department of National Defence http://t.co/Qr5J3wL9KC,https://twitter.com/gccaedits/status/570743067193573376,Wed Jul 09 12:06:54 +0000 2014,gccaedits,False,I'm a bot that tweets anonymous Wikipedia edits that are made from Canadian Government IP addresses. I'm powered by: https://t.co/mip4rTkvth,9,6179,73,149,Canada,Gov. of Canada edits,gccaedits,2056,Eastern Time (US & Canada),https://github.com/ruebot/gccaedits-ip-address-ranges,False
,Wed Feb 25 23:18:22 +0000 2015,,,http://en.wikipedia.org/w/index.php?diff=648858942&oldid=635440588,0,570724513148755968,,,,en,,False,1,,,"<a href=""https://twitter.com/gccaedits"" rel=""nofollow"">GC CA Edits</a>",Brian Jean Wikipedia article edited anonymously from Canadian House of Commons http://t.co/R7x8soHYpj,https://twitter.com/gccaedits/status/570724513148755968,Wed Jul 09 12:06:54 +0000 2014,gccaedits,False,I'm a bot that tweets anonymous Wikipedia edits that are made from Canadian Government IP addresses. I'm powered by: https://t.co/mip4rTkvth,9,6179,73,149,Canada,Gov. of Canada edits,gccaedits,2056,Eastern Time (US & Canada),https://github.com/ruebot/gccaedits-ip-address-ranges,False
,Wed Feb 25 22:36:00 +0000 2015,,,https://twitter.com/gccaedits/status/560782754863132673,0,570713854218539009,CTVAnchor,570708202129625090,32046430,en,,False,1,,,"<a href=""http://twitter.com"" rel=""nofollow"">Twitter Web Client</a>","Over this https://t.co/JraXjITahg ? MT @CTVAnchor Dad of convict in Rehtaeh Parsons case arrested, Q'd re tampering w/wiki site on DND comp",https://twitter.com/danminkin/status/570713854218539009,Tue May 03 16:20:17 +0000 2011,danminkin,False,Hardcore political junkie turned regular political junkie. Novice hunter & angler. Favorites ≠ actual favourite ever,898,560,1343,21,Toronto,Dan Minkin,danminkin,11300,Eastern Time (US & Canada),,False
,Wed Feb 25 22:13:33 +0000 2015,cdnpoli,,http://en.wikipedia.org/w/index.php?diff=648850783&oldid=648850512,0,570708204377804801,,,,en,,False,0,,,"<a href=""http://www.hootsuite.com"" rel=""nofollow"">Hootsuite</a>",RT @gccaedits: Maurice Vellacott Wikipedia article edited anonymously from Canadian House of Commons http://t.co/KwzJ6n6RFt #cdnpoli,https://twitter.com/jpress/status/570708204377804801,Tue Feb 17 22:29:47 +0000 2009,jpress,False,"Dog owner, @OttawaCitizen parliamentary reporter skulking around #SenCA, focused on digital storytelling & news literacy research. Tweets are my own.",198,3629,1249,193,"Ottawa, Ontario",Jordan Press,jpress,21408,Eastern Time (US & Canada),http://facebook.com/jordan.b.press,False
,Wed Feb 25 22:11:45 +0000 2015,,,http://en.wikipedia.org/w/index.php?diff=648850783&oldid=648850512,0,570707752105979905,,,,en,,False,2,,,"<a href=""https://twitter.com/gccaedits"" rel=""nofollow"">GC CA Edits</a>",Maurice Vellacott Wikipedia article edited anonymously from Canadian House of Commons http://t.co/jbPNOacDT5,https://twitter.com/gccaedits/status/570707752105979905,Wed Jul 09 12:06:54 +0000 2014,gccaedits,False,I'm a bot that tweets anonymous Wikipedia edits that are made from Canadian Government IP addresses. I'm powered by: https://t.co/mip4rTkvth,9,6179,73,149,Canada,Gov. of Canada edits,gccaedits,2056,Eastern Time (US & Canada),https://github.com/ruebot/gccaedits-ip-address-ranges,False
,Wed Feb 25 22:09:18 +0000 2015,,,http://en.wikipedia.org/w/index.php?diff=648850512&oldid=643425505,0,570707131692920834,,,,en,,False,0,,,"<a href=""https://twitter.com/gccaedits"" rel=""nofollow"">GC CA Edits</a>",Maurice Vellacott Wikipedia article edited anonymously from Canadian House of Commons http://t.co/JuyhschkHL,https://twitter.com/gccaedits/status/570707131692920834,Wed Jul 09 12:06:54 +0000 2014,gccaedits,False,I'm a bot that tweets anonymous Wikipedia edits that are made from Canadian Government IP addresses. I'm powered by: https://t.co/mip4rTkvth,9,6179,73,149,Canada,Gov. of Canada edits,gccaedits,2056,Eastern Time (US & Canada),https://github.com/ruebot/gccaedits-ip-address-ranges,False
,Wed Feb 25 20:49:53 +0000 2015,,,http://en.wikipedia.org/w/index.php?diff=648840234&oldid=647783216,0,570687148212559872,,,,en,,False,3,,,"<a href=""https://twitter.com/gccaedits"" rel=""nofollow"">GC CA Edits</a>","List of people from London, Ontario Wikipedia article edited anonymously from Canadian Department of National Defence http://t.co/T2nz0GRGPi",https://twitter.com/gccaedits/status/570687148212559872,Wed Jul 09 12:06:54 +0000 2014,gccaedits,False,I'm a bot that tweets anonymous Wikipedia edits that are made from Canadian Government IP addresses. I'm powered by: https://t.co/mip4rTkvth,9,6179,73,149,Canada,Gov. of Canada edits,gccaedits,2056,Eastern Time (US & Canada),https://github.com/ruebot/gccaedits-ip-address-ranges,False
,Wed Feb 25 19:57:29 +0000 2015,,,http://en.wikipedia.org/w/index.php?diff=648833292&oldid=648830752,1,570673960532246528,,,,en,,False,0,,,"<a href=""https://twitter.com/gccaedits"" rel=""nofollow"">GC CA Edits</a>",Grant Lawrence Wikipedia article edited anonymously from Canadian Broadcasting Corporation http://t.co/bMww0LUQkK,https://twitter.com/gccaedits/status/570673960532246528,Wed Jul 09 12:06:54 +0000 2014,gccaedits,False,I'm a bot that tweets anonymous Wikipedia edits that are made from Canadian Government IP addresses. I'm powered by: https://t.co/mip4rTkvth,9,6179,73,149,Canada,Gov. of Canada edits,gccaedits,2056,Eastern Time (US & Canada),https://github.com/ruebot/gccaedits-ip-address-ranges,False
,Wed Feb 25 19:37:41 +0000 2015,,,http://en.wikipedia.org/w/index.php?diff=648830752&oldid=648053152,2,570668978110128128,,,,en,,False,4,,,"<a href=""https://twitter.com/gccaedits"" rel=""nofollow"">GC CA Edits</a>",Grant Lawrence Wikipedia article edited anonymously from Canadian Broadcasting Corporation http://t.co/OacvVi9ZE4,https://twitter.com/gccaedits/status/570668978110128128,Wed Jul 09 12:06:54 +0000 2014,gccaedits,False,I'm a bot that tweets anonymous Wikipedia edits that are made from Canadian Government IP addresses. I'm powered by: https://t.co/mip4rTkvth,9,6179,73,149,Canada,Gov. of Canada edits,gccaedits,2056,Eastern Time (US & Canada),https://github.com/ruebot/gccaedits-ip-address-ranges,False
,Tue Feb 24 21:28:58 +0000 2015,,,http://en.wikipedia.org/w/index.php?diff=648686432&oldid=642862448,0,570334593598955520,,,,en,,False,1,,,"<a href=""https://twitter.com/gccaedits"" rel=""nofollow"">GC CA Edits</a>",65th Infantry Regiment (United Stat Wikipedia article edited anonymously from Canadian Department of National Defence http://t.co/PufmHDNAWM,https://twitter.com/gccaedits/status/570334593598955520,Wed Jul 09 12:06:54 +0000 2014,gccaedits,False,I'm a bot that tweets anonymous Wikipedia edits that are made from Canadian Government IP addresses. I'm powered by: https://t.co/mip4rTkvth,9,6179,73,149,Canada,Gov. of Canada edits,gccaedits,2056,Eastern Time (US & Canada),https://github.com/ruebot/gccaedits-ip-address-ranges,False
,Tue Feb 24 18:19:59 +0000 2015,,,http://en.wikipedia.org/w/index.php?diff=648657732&oldid=648587757,1,570287035149365248,gccaedits,570282222135193601,2613454796,en,,False,0,,,"<a href=""http://twitter.com"" rel=""nofollow"">Twitter Web Client</a>","Great, now I'm craving one RT@gccaedits Wagon Wheels Wikipedia article edited by anon at Shared Services Canada http://t.co/dXslBj4Gcn …",https://twitter.com/GemColl/status/570287035149365248,Mon Nov 08 17:08:50 +0000 2010,GemColl,False,"30-something communicatrix: the written word, pop culture, geekery, tech, politics, IP, and her English bulldog. RTs not necessarily blah blah blah...",544,572,876,16,Ottawa,Gemma Collins,GemColl,4475,Quito,,False
,Tue Feb 24 18:02:22 +0000 2015,,,http://en.wikipedia.org/w/index.php?diff=648657957&oldid=648657732,1,570282602977992705,,,,en,,False,1,,,"<a href=""https://twitter.com/gccaedits"" rel=""nofollow"">GC CA Edits</a>",Wagon Wheels Wikipedia article edited anonymously from Shared Services Canada http://t.co/rg96VilKoE,https://twitter.com/gccaedits/status/570282602977992705,Wed Jul 09 12:06:54 +0000 2014,gccaedits,False,I'm a bot that tweets anonymous Wikipedia edits that are made from Canadian Government IP addresses. I'm powered by: https://t.co/mip4rTkvth,9,6179,73,149,Canada,Gov. of Canada edits,gccaedits,2056,Eastern Time (US & Canada),https://github.com/ruebot/gccaedits-ip-address-ranges,False
,Tue Feb 24 18:00:51 +0000 2015,,,http://en.wikipedia.org/w/index.php?diff=648657732&oldid=648587757,2,570282222135193601,,,,en,,False,1,,,"<a href=""https://twitter.com/gccaedits"" rel=""nofollow"">GC CA Edits</a>",Wagon Wheels Wikipedia article edited anonymously from Shared Services Canada http://t.co/xFoOednJXk,https://twitter.com/gccaedits/status/570282222135193601,Wed Jul 09 12:06:54 +0000 2014,gccaedits,False,I'm a bot that tweets anonymous Wikipedia edits that are made from Canadian Government IP addresses. I'm powered by: https://t.co/mip4rTkvth,9,6179,73,149,Canada,Gov. of Canada edits,gccaedits,2056,Eastern Time (US & Canada),https://github.com/ruebot/gccaedits-ip-address-ranges,False
