Source,Target
09/07/2014,Government of Canada
09/07/2014,Government of Canada
11/07/2014,Canadian Department of National Defence
11/07/2014,Canadian House of Commons
11/07/2014,Canadian House of Commons
11/07/2014,Canadian Department of National Defence
14/07/2014,Canadian House of Commons
14/07/2014,Canadian Department of National Defence
14/07/2014,Canadian Department of National Defence
14/07/2014,Canadian House of Commons
14/07/2014,Canadian House of Commons
15/07/2014,Canadian Department of National Defence
15/07/2014,Canadian Department of National Defence
15/07/2014,Canadian Department of National Defence
15/07/2014,Canadian Department of National Defence
15/07/2014,Canadian Department of National Defence
15/07/2014,Canadian Department of National Defence
15/07/2014,Canadian House of Commons
15/07/2014,Canadian House of Commons
15/07/2014,Canadian House of Commons
15/07/2014,Canadian House of Commons
15/07/2014,Canadian House of Commons
15/07/2014,Canadian House of Commons
15/07/2014,Canadian House of Commons
15/07/2014,Canadian House of Commons
15/07/2014,Canadian House of Commons
15/07/2014,Canadian House of Commons
15/07/2014,Canadian House of Commons
15/07/2014,Canadian House of Commons
16/07/2014,Canadian Department of National Defence
16/07/2014,Canadian House of Commons
16/07/2014,Canadian Department of National Defence
16/07/2014,Canadian Department of National Defence
16/07/2014,Canadian Department of National Defence
16/07/2014,Canadian Department of National Defence
16/07/2014,Canadian Department of National Defence
16/07/2014,Canadian Department of National Defence
17/07/2014,Canadian Department of National Defence
18/07/2014,Canadian Department of National Defence
18/07/2014,Department of Justice Canada
18/07/2014,Canadian Department of National Defence
18/07/2014,Natural Resources Canada
18/07/2014,Natural Resources Canada
20/07/2014,Canadian Department of National Defence
21/07/2014,Canadian Department of National Defence
21/07/2014,Canadian Department of National Defence
21/07/2014,Canadian House of Commons
21/07/2014,Canadian Department of National Defence
21/07/2014,Natural Resources Canada
21/07/2014,Statistics Canada
21/07/2014,Natural Resources Canada
21/07/2014,Natural Resources Canada
22/07/2014,Library and Archives Canada
22/07/2014,Canadian House of Commons
22/07/2014,Canadian House of Commons
22/07/2014,Canadian House of Commons
23/07/2014,Canadian Department of National Defence
23/07/2014,Department of Fisheries and Oceans
23/07/2014,Canadian House of Commons
23/07/2014,Environment Canada
23/07/2014,Canadian Department of National Defence
24/07/2014,Department of Fisheries and Oceans
24/07/2014,Library and Archives Canada
24/07/2014,Environment Canada
24/07/2014,Canadian Department of National Defence
24/07/2014,Canadian Department of National Defence
24/07/2014,Canadian Department of National Defence
24/07/2014,Canadian House of Commons
24/07/2014,Canadian House of Commons
24/07/2014,Canadian House of Commons
24/07/2014,Statistics Canada
24/07/2014,Department of Justice Canada
24/07/2014,Natural Resources Canada
25/07/2014,Canadian House of Commons
25/07/2014,Canadian House of Commons
25/07/2014,Canadian Department of National Defence
25/07/2014,Canadian Department of National Defence
25/07/2014,Canadian House of Commons
25/07/2014,Canadian House of Commons
25/07/2014,Canadian House of Commons
25/07/2014,Canadian House of Commons
28/07/2014,Canadian Department of National Defence
29/07/2014,Shared Services Canada
29/07/2014,Shared Services Canada
29/07/2014,Canadian House of Commons
29/07/2014,Canadian House of Commons
29/07/2014,Canadian House of Commons
29/07/2014,Department of Fisheries and Oceans
29/07/2014,Shared Services Canada
29/07/2014,Department of Fisheries and Oceans
29/07/2014,Shared Services Canada
30/07/2014,Government of Canada
30/07/2014,Shared Services Canada
30/07/2014,Government of Canada
30/07/2014,Shared Services Canada
30/07/2014,Shared Services Canada
30/07/2014,Government of Canada
30/07/2014,Shared Services Canada
30/07/2014,Shared Services Canada
30/07/2014,Industry Canada
30/07/2014,Government of Canada
30/07/2014,Shared Services Canada
30/07/2014,Industry Canada
30/07/2014,Industry Canada
30/07/2014,Shared Services Canada
30/07/2014,Industry Canada
31/07/2014,Shared Services Canada
31/07/2014,Shared Services Canada
31/07/2014,Shared Services Canada
31/07/2014,Shared Services Canada
31/07/2014,Shared Services Canada
31/07/2014,Shared Services Canada
31/07/2014,Shared Services Canada
31/07/2014,Shared Services Canada
31/07/2014,Shared Services Canada
31/07/2014,Shared Services Canada
31/07/2014,Shared Services Canada
31/07/2014,Shared Services Canada
31/07/2014,Shared Services Canada
01/08/2014,Shared Services Canada
01/08/2014,Shared Services Canada
01/08/2014,Shared Services Canada
01/08/2014,Industry Canada
01/08/2014,Shared Services Canada
01/08/2014,Canadian Department of National Defence
01/08/2014,Canadian House of Commons
01/08/2014,Shared Services Canada
01/08/2014,Canadian House of Commons
01/08/2014,Canadian House of Commons
01/08/2014,Shared Services Canada
04/08/2014,Canadian Department of National Defence
04/08/2014,Shared Services Canada
05/08/2014,Canadian House of Commons
05/08/2014,Canadian House of Commons
05/08/2014,Shared Services Canada
05/08/2014,Shared Services Canada
05/08/2014,Shared Services Canada
05/08/2014,Shared Services Canada
05/08/2014,Shared Services Canada
05/08/2014,Shared Services Canada
05/08/2014,Natural Resources Canada
05/08/2014,Natural Resources Canada
06/08/2014,Shared Services Canada
06/08/2014,Shared Services Canada
06/08/2014,Shared Services Canada
06/08/2014,Shared Services Canada
06/08/2014,Environment Canada
06/08/2014,Library and Archives Canada
06/08/2014,Canadian Department of National Defence
06/08/2014,Canadian Department of National Defence
06/08/2014,Shared Services Canada
06/08/2014,Shared Services Canada
06/08/2014,Shared Services Canada
06/08/2014,Shared Services Canada
06/08/2014,Shared Services Canada
06/08/2014,Canadian Department of National Defence
06/08/2014,Shared Services Canada
06/08/2014,Shared Services Canada
06/08/2014,Shared Services Canada
06/08/2014,Library and Archives Canada
06/08/2014,Shared Services Canada
06/08/2014,Shared Services Canada
06/08/2014,Natural Resources Canada
06/08/2014,Shared Services Canada
06/08/2014,Canadian House of Commons
06/08/2014,Natural Resources Canada
06/08/2014,Shared Services Canada
07/08/2014,Shared Services Canada
07/08/2014,Shared Services Canada
07/08/2014,Canadian House of Commons
07/08/2014,Canadian House of Commons
07/08/2014,Shared Services Canada
07/08/2014,Shared Services Canada
07/08/2014,Natural Resources Canada
13/08/2014,Shared Services Canada
13/08/2014,Shared Services Canada
13/08/2014,Department of Justice Canada
13/08/2014,Department of Justice Canada
13/08/2014,Department of Fisheries and Oceans
13/08/2014,Shared Services Canada
13/08/2014,Shared Services Canada
13/08/2014,Canadian Department of National Defence
13/08/2014,Canadian Department of National Defence
13/08/2014,Canadian Department of National Defence
13/08/2014,Canadian Department of National Defence
13/08/2014,Canadian Department of National Defence
13/08/2014,Canadian Department of National Defence
13/08/2014,Canadian Department of National Defence
13/08/2014,Canadian Department of National Defence
13/08/2014,Canadian Department of National Defence
13/08/2014,Canadian Department of National Defence
13/08/2014,Canadian Department of National Defence
14/08/2014,Canadian Department of National Defence
14/08/2014,Canadian Department of National Defence
14/08/2014,Shared Services Canada
14/08/2014,Shared Services Canada
14/08/2014,Shared Services Canada
14/08/2014,Shared Services Canada
14/08/2014,Shared Services Canada
14/08/2014,Natural Resources Canada
14/08/2014,Canadian Department of National Defence
14/08/2014,Shared Services Canada
14/08/2014,Canadian Department of National Defence
14/08/2014,Canadian Department of National Defence
15/08/2014,Shared Services Canada
15/08/2014,Shared Services Canada
15/08/2014,Shared Services Canada
15/08/2014,Canadian House of Commons
15/08/2014,Shared Services Canada
15/08/2014,Canadian House of Commons
15/08/2014,Shared Services Canada
15/08/2014,Industry Canada
15/08/2014,Industry Canada
18/08/2014,Shared Services Canada
18/08/2014,Shared Services Canada
18/08/2014,Shared Services Canada
18/08/2014,Shared Services Canada
18/08/2014,Shared Services Canada
18/08/2014,Shared Services Canada
18/08/2014,Shared Services Canada
19/08/2014,Shared Services Canada
19/08/2014,Canadian House of Commons
19/08/2014,Shared Services Canada
19/08/2014,Canadian House of Commons
19/08/2014,Shared Services Canada
19/08/2014,Environment Canada
19/08/2014,Environment Canada
19/08/2014,Environment Canada
19/08/2014,Environment Canada
19/08/2014,Environment Canada
19/08/2014,Environment Canada
20/08/2014,Natural Resources Canada
20/08/2014,Canadian House of Commons
20/08/2014,Canadian House of Commons
20/08/2014,Canadian House of Commons
20/08/2014,Natural Resources Canada
20/08/2014,Natural Resources Canada
20/08/2014,Natural Resources Canada
20/08/2014,Canadian Broadcasting Corporation
20/08/2014,Canadian Broadcasting Corporation
20/08/2014,Canadian Broadcasting Corporation
20/08/2014,Canadian Department of National Defence
20/08/2014,Canadian Department of National Defence
21/08/2014,Shared Services Canada
21/08/2014,Canadian House of Commons
21/08/2014,Shared Services Canada
21/08/2014,Environment Canada
22/08/2014,Shared Services Canada
22/08/2014,Shared Services Canada
22/08/2014,Shared Services Canada
22/08/2014,Shared Services Canada
22/08/2014,Shared Services Canada
22/08/2014,Shared Services Canada
22/08/2014,Library and Archives Canada
23/08/2014,Shared Services Canada
23/08/2014,Shared Services Canada
23/08/2014,Shared Services Canada
24/08/2014,Canadian Department of National Defence
24/08/2014,Canadian Department of National Defence
24/08/2014,Canadian Department of National Defence
25/08/2014,Shared Services Canada
25/08/2014,Shared Services Canada
25/08/2014,Shared Services Canada
25/08/2014,Shared Services Canada
25/08/2014,Shared Services Canada
25/08/2014,Shared Services Canada
25/08/2014,Shared Services Canada
25/08/2014,Canadian Department of National Defence
25/08/2014,Shared Services Canada
25/08/2014,Shared Services Canada
26/08/2014,Shared Services Canada
26/08/2014,Shared Services Canada
26/08/2014,Shared Services Canada
26/08/2014,Shared Services Canada
26/08/2014,Canadian Department of National Defence
26/08/2014,Shared Services Canada
26/08/2014,Canadian Department of National Defence
26/08/2014,Shared Services Canada
26/08/2014,Canadian Department of National Defence
26/08/2014,Canadian Department of National Defence
26/08/2014,Shared Services Canada
26/08/2014,Canadian House of Commons
27/08/2014,Government of Canada
27/08/2014,Shared Services Canada
27/08/2014,Shared Services Canada
27/08/2014,Shared Services Canada
27/08/2014,Shared Services Canada
27/08/2014,Canadian Museum of Civilization
27/08/2014,Shared Services Canada
27/08/2014,Canadian Department of National Defence
27/08/2014,Canadian Department of National Defence
27/08/2014,Canadian Department of National Defence
27/08/2014,Shared Services Canada
27/08/2014,Shared Services Canada
27/08/2014,Shared Services Canada
27/08/2014,Shared Services Canada
27/08/2014,Canadian Department of National Defence
27/08/2014,Canadian Department of National Defence
27/08/2014,Canadian Department of National Defence
27/08/2014,Shared Services Canada
27/08/2014,Shared Services Canada
28/08/2014,Canadian Department of National Defence
28/08/2014,Canadian Department of National Defence
28/08/2014,Canadian Department of National Defence
28/08/2014,Canadian Department of National Defence
28/08/2014,Canadian Department of National Defence
28/08/2014,Canadian Department of National Defence
28/08/2014,Canadian Department of National Defence
28/08/2014,Shared Services Canada
28/08/2014,Shared Services Canada
28/08/2014,Environment Canada
28/08/2014,Canadian Department of National Defence
28/08/2014,Canadian Department of National Defence
28/08/2014,Canadian Department of National Defence
28/08/2014,Canadian House of Commons
28/08/2014,Shared Services Canada
28/08/2014,Canadian Department of National Defence
28/08/2014,Canadian Department of National Defence
29/08/2014,Shared Services Canada
29/08/2014,Shared Services Canada
29/08/2014,Canadian Department of National Defence
29/08/2014,Shared Services Canada
29/08/2014,Shared Services Canada
29/08/2014,Environment Canada
29/08/2014,Shared Services Canada
29/08/2014,Shared Services Canada
29/08/2014,Canadian Department of National Defence
29/08/2014,Shared Services Canada
29/08/2014,Shared Services Canada
29/08/2014,Shared Services Canada
29/08/2014,Shared Services Canada
29/08/2014,Industry Canada
31/08/2014,Canadian Department of National Defence
31/08/2014,Canadian Department of National Defence
31/08/2014,Canadian Department of National Defence
31/08/2014,Canadian Department of National Defence
31/08/2014,Canadian Department of National Defence
02/09/2014,Shared Services Canada
02/09/2014,Statistics Canada
02/09/2014,Shared Services Canada
02/09/2014,Natural Resources Canada
02/09/2014,Canadian Space Agency
02/09/2014,Natural Resources Canada
02/09/2014,Canadian Space Agency
02/09/2014,Natural Resources Canada
02/09/2014,Correctional Services Canada
03/09/2014,Canadian House of Commons
03/09/2014,Shared Services Canada
03/09/2014,Industry Canada
03/09/2014,Shared Services Canada
03/09/2014,Natural Resources Canada
03/09/2014,Canadian House of Commons
03/09/2014,Canadian House of Commons
03/09/2014,Shared Services Canada
03/09/2014,Canadian Department of National Defence
03/09/2014,Shared Services Canada
03/09/2014,Shared Services Canada
03/09/2014,Canadian House of Commons
03/09/2014,Canadian House of Commons
03/09/2014,Shared Services Canada
03/09/2014,Shared Services Canada
03/09/2014,Canadian House of Commons
03/09/2014,Canadian House of Commons
03/09/2014,Canadian Broadcasting Corporation
03/09/2014,Shared Services Canada
03/09/2014,Canadian Department of National Defence
03/09/2014,Canadian Department of National Defence
04/09/2014,Environment Canada
04/09/2014,Department of Fisheries and Oceans
04/09/2014,Shared Services Canada
04/09/2014,Canadian Department of National Defence
04/09/2014,Canadian Department of National Defence
04/09/2014,Canadian Department of National Defence
04/09/2014,Shared Services Canada
04/09/2014,Shared Services Canada
04/09/2014,Natural Resources Canada
04/09/2014,Natural Resources Canada
05/09/2014,Shared Services Canada
05/09/2014,Shared Services Canada
05/09/2014,Shared Services Canada
05/09/2014,Shared Services Canada
05/09/2014,Shared Services Canada
05/09/2014,Shared Services Canada
05/09/2014,Canadian Space Agency
05/09/2014,Statistics Canada
05/09/2014,Canadian Broadcasting Corporation
07/09/2014,Environment Canada
07/09/2014,Environment Canada
08/09/2014,Canadian Department of National Defence
08/09/2014,Shared Services Canada
08/09/2014,Canadian Department of National Defence
08/09/2014,Canadian Department of National Defence
08/09/2014,Library and Archives Canada
08/09/2014,Canadian Department of National Defence
08/09/2014,Library and Archives Canada
08/09/2014,Canadian Department of National Defence
09/09/2014,Shared Services Canada
09/09/2014,Government of Canada
09/09/2014,Shared Services Canada
09/09/2014,Finance Canada
09/09/2014,Shared Services Canada
09/09/2014,Government of Canada
09/09/2014,Shared Services Canada
09/09/2014,Shared Services Canada
09/09/2014,Shared Services Canada
09/09/2014,Government of Canada
09/09/2014,Shared Services Canada
09/09/2014,Government of Canada
09/09/2014,Shared Services Canada
09/09/2014,Government of Canada
09/09/2014,Shared Services Canada
09/09/2014,Shared Services Canada
09/09/2014,Shared Services Canada
09/09/2014,Shared Services Canada
09/09/2014,Canadian House of Commons
10/09/2014,Canadian Department of National Defence
10/09/2014,Canadian Department of National Defence
10/09/2014,Shared Services Canada
10/09/2014,Shared Services Canada
10/09/2014,Shared Services Canada
10/09/2014,Shared Services Canada
10/09/2014,Environment Canada
10/09/2014,Canadian House of Commons
10/09/2014,Canadian House of Commons
10/09/2014,Canadian Department of National Defence
10/09/2014,Shared Services Canada
10/09/2014,Shared Services Canada
10/09/2014,Shared Services Canada
10/09/2014,Shared Services Canada
10/09/2014,Shared Services Canada
10/09/2014,Shared Services Canada
10/09/2014,Shared Services Canada
10/09/2014,Canadian Department of National Defence
10/09/2014,Shared Services Canada
11/09/2014,Canadian Department of National Defence
11/09/2014,Shared Services Canada
11/09/2014,Shared Services Canada
11/09/2014,Shared Services Canada
11/09/2014,Shared Services Canada
11/09/2014,Canadian Department of National Defence
11/09/2014,Shared Services Canada
11/09/2014,Statistics Canada
11/09/2014,Statistics Canada
11/09/2014,Statistics Canada
11/09/2014,Statistics Canada
11/09/2014,Canadian Department of National Defence
11/09/2014,Environment Canada
12/09/2014,Shared Services Canada
15/09/2014,Environment Canada
15/09/2014,Canadian Department of National Defence
15/09/2014,Shared Services Canada
15/09/2014,Shared Services Canada
15/09/2014,Finance Canada
15/09/2014,Shared Services Canada
15/09/2014,Finance Canada
15/09/2014,Shared Services Canada
16/09/2014,Shared Services Canada
16/09/2014,Shared Services Canada
16/09/2014,Government of Canada
16/09/2014,Shared Services Canada
16/09/2014,Government of Canada
16/09/2014,Shared Services Canada
16/09/2014,Government of Canada
16/09/2014,Shared Services Canada
16/09/2014,Shared Services Canada
16/09/2014,Shared Services Canada
16/09/2014,Canadian House of Commons
16/09/2014,Finance Canada
16/09/2014,Shared Services Canada
16/09/2014,Natural Resources Canada
16/09/2014,Canadian House of Commons
17/09/2014,Environment Canada
17/09/2014,Environment Canada
17/09/2014,Shared Services Canada
17/09/2014,Canadian Department of National Defence
17/09/2014,Canadian Department of National Defence
17/09/2014,Statistics Canada
17/09/2014,Statistics Canada
17/09/2014,Statistics Canada
17/09/2014,Statistics Canada
17/09/2014,Finance Canada
17/09/2014,Shared Services Canada
17/09/2014,Finance Canada
17/09/2014,Shared Services Canada
18/09/2014,Shared Services Canada
18/09/2014,Shared Services Canada
18/09/2014,Shared Services Canada
18/09/2014,Finance Canada
18/09/2014,Shared Services Canada
18/09/2014,Canadian Department of National Defence
18/09/2014,Shared Services Canada
18/09/2014,Shared Services Canada
18/09/2014,Shared Services Canada
18/09/2014,Shared Services Canada
19/09/2014,Canadian Department of National Defence
19/09/2014,Shared Services Canada
19/09/2014,Canadian Department of National Defence
19/09/2014,Canadian Department of National Defence
19/09/2014,Industry Canada
19/09/2014,Shared Services Canada
21/09/2014,Shared Services Canada
21/09/2014,Shared Services Canada
22/09/2014,Shared Services Canada
22/09/2014,Canadian Department of National Defence
22/09/2014,Canadian Department of National Defence
23/09/2014,Shared Services Canada
23/09/2014,Federal Court of Canada
23/09/2014,Shared Services Canada
23/09/2014,Shared Services Canada
23/09/2014,Industry Canada
23/09/2014,Shared Services Canada
23/09/2014,Shared Services Canada
23/09/2014,Shared Services Canada
24/09/2014,Shared Services Canada
24/09/2014,Canadian Department of National Defence
24/09/2014,Canadian Department of National Defence
24/09/2014,Canadian Department of National Defence
24/09/2014,Canadian Department of National Defence
25/09/2014,Canadian Department of National Defence
25/09/2014,Canadian Department of National Defence
25/09/2014,Government of Canada
25/09/2014,Shared Services Canada
25/09/2014,Shared Services Canada
25/09/2014,Shared Services Canada
25/09/2014,Canadian Broadcasting Corporation
26/09/2014,Shared Services Canada
26/09/2014,Government of Canada
26/09/2014,Shared Services Canada
26/09/2014,Government of Canada
26/09/2014,Shared Services Canada
26/09/2014,Government of Canada
26/09/2014,Shared Services Canada
26/09/2014,Government of Canada
26/09/2014,Shared Services Canada
26/09/2014,Shared Services Canada
26/09/2014,Transport Canada
26/09/2014,Shared Services Canada
29/09/2014,Shared Services Canada
29/09/2014,Shared Services Canada
29/09/2014,Department of Justice Canada
30/09/2014,Shared Services Canada
30/09/2014,Canadian Department of National Defence
30/09/2014,Canadian Department of National Defence
01/10/2014,Shared Services Canada
01/10/2014,Shared Services Canada
01/10/2014,Canadian House of Commons
01/10/2014,Shared Services Canada
01/10/2014,Shared Services Canada
01/10/2014,Industry Canada
01/10/2014,Shared Services Canada
01/10/2014,Canadian Department of National Defence
01/10/2014,Canadian Department of National Defence
02/10/2014,Canadian Broadcasting Corporation
03/10/2014,Industry Canada
03/10/2014,Shared Services Canada
03/10/2014,Industry Canada
03/10/2014,Industry Canada
03/10/2014,Canadian Department of National Defence
03/10/2014,Canadian Department of National Defence
03/10/2014,Canadian Department of National Defence
03/10/2014,Shared Services Canada
03/10/2014,Shared Services Canada
03/10/2014,Shared Services Canada
03/10/2014,Shared Services Canada
03/10/2014,Canadian House of Commons
03/10/2014,Statistics Canada
03/10/2014,Statistics Canada
03/10/2014,Statistics Canada
03/10/2014,Statistics Canada
03/10/2014,Canadian House of Commons
04/10/2014,Shared Services Canada
05/10/2014,Canadian Department of National Defence
06/10/2014,Shared Services Canada
06/10/2014,Shared Services Canada
06/10/2014,Library and Archives Canada
06/10/2014,Industry Canada
06/10/2014,Shared Services Canada
06/10/2014,Shared Services Canada
06/10/2014,Shared Services Canada
06/10/2014,Shared Services Canada
06/10/2014,Shared Services Canada
06/10/2014,Shared Services Canada
06/10/2014,Natural Resources Canada
07/10/2014,Shared Services Canada
07/10/2014,Shared Services Canada
07/10/2014,Canadian Department of National Defence
07/10/2014,Shared Services Canada
07/10/2014,Shared Services Canada
07/10/2014,Canadian House of Commons
07/10/2014,Shared Services Canada
07/10/2014,Shared Services Canada
07/10/2014,Shared Services Canada
07/10/2014,Shared Services Canada
07/10/2014,Canadian Department of National Defence
08/10/2014,Shared Services Canada
08/10/2014,Shared Services Canada
08/10/2014,Canadian House of Commons
08/10/2014,Canadian Department of National Defence
08/10/2014,Canadian Department of National Defence
08/10/2014,Shared Services Canada
08/10/2014,Transport Canada
08/10/2014,Natural Resources Canada
08/10/2014,Shared Services Canada
08/10/2014,Environment Canada
09/10/2014,Shared Services Canada
09/10/2014,Shared Services Canada
09/10/2014,Shared Services Canada
09/10/2014,Shared Services Canada
09/10/2014,Canadian Department of National Defence
09/10/2014,Environment Canada
09/10/2014,Environment Canada
09/10/2014,Canadian Department of National Defence
09/10/2014,Canadian Department of National Defence
09/10/2014,Canadian Department of National Defence
09/10/2014,Canadian Department of National Defence
10/10/2014,Canadian Department of National Defence
10/10/2014,Canadian Department of National Defence
10/10/2014,Canadian Department of National Defence
10/10/2014,Canadian Department of National Defence
10/10/2014,Canadian Department of National Defence
10/10/2014,Canadian Department of National Defence
10/10/2014,Canadian Department of National Defence
10/10/2014,Shared Services Canada
10/10/2014,Canadian House of Commons
10/10/2014,Statistics Canada
10/10/2014,Canadian Department of National Defence
12/10/2014,Canadian Department of National Defence
12/10/2014,Shared Services Canada
12/10/2014,Shared Services Canada
13/10/2014,Shared Services Canada
13/10/2014,Shared Services Canada
14/10/2014,Department of Justice Canada
14/10/2014,Canadian House of Commons
14/10/2014,Industry Canada
14/10/2014,Environment Canada
14/10/2014,Natural Resources Canada
14/10/2014,Industry Canada
14/10/2014,Canadian House of Commons
14/10/2014,Industry Canada
14/10/2014,Natural Resources Canada
15/10/2014,Canadian Broadcasting Corporation
15/10/2014,Canadian Broadcasting Corporation
15/10/2014,Industry Canada
15/10/2014,Shared Services Canada
15/10/2014,Shared Services Canada
15/10/2014,Shared Services Canada
15/10/2014,Canadian House of Commons
15/10/2014,Canadian House of Commons
15/10/2014,Canadian House of Commons
15/10/2014,Canadian House of Commons
15/10/2014,Canadian House of Commons
15/10/2014,Canadian House of Commons
16/10/2014,Shared Services Canada
16/10/2014,Canadian Department of National Defence
16/10/2014,Shared Services Canada
16/10/2014,Shared Services Canada
16/10/2014,Shared Services Canada
16/10/2014,Shared Services Canada
16/10/2014,Shared Services Canada
16/10/2014,Environment Canada
16/10/2014,Environment Canada
16/10/2014,Environment Canada
16/10/2014,Environment Canada
16/10/2014,Environment Canada
16/10/2014,Environment Canada
16/10/2014,Environment Canada
16/10/2014,Environment Canada
16/10/2014,Environment Canada
16/10/2014,Shared Services Canada
16/10/2014,Transport Canada
16/10/2014,Shared Services Canada
16/10/2014,Transport Canada
16/10/2014,Environment Canada
16/10/2014,Environment Canada
16/10/2014,Environment Canada
16/10/2014,Environment Canada
16/10/2014,Environment Canada
16/10/2014,Environment Canada
16/10/2014,Environment Canada
16/10/2014,Industry Canada
17/10/2014,Shared Services Canada
17/10/2014,Transport Canada
17/10/2014,Canadian Department of National Defence
17/10/2014,Canadian Department of National Defence
17/10/2014,Canadian Broadcasting Corporation
17/10/2014,Canadian Broadcasting Corporation
17/10/2014,Canadian Broadcasting Corporation
17/10/2014,Canadian Broadcasting Corporation
17/10/2014,Canadian Broadcasting Corporation
17/10/2014,Canadian Department of National Defence
17/10/2014,Industry Canada
17/10/2014,Shared Services Canada
19/10/2014,Finance Canada
19/10/2014,Shared Services Canada
20/10/2014,Natural Resources Canada
20/10/2014,Canadian Department of National Defence
20/10/2014,Shared Services Canada
20/10/2014,Shared Services Canada
20/10/2014,Shared Services Canada
20/10/2014,Shared Services Canada
20/10/2014,Shared Services Canada
20/10/2014,Shared Services Canada
21/10/2014,Shared Services Canada
21/10/2014,Natural Resources Canada
21/10/2014,Shared Services Canada
21/10/2014,Finance Canada
21/10/2014,Finance Canada
21/10/2014,Shared Services Canada
21/10/2014,Finance Canada
21/10/2014,Shared Services Canada
21/10/2014,Shared Services Canada
21/10/2014,Finance Canada
21/10/2014,Canadian House of Commons
21/10/2014,Environment Canada
22/10/2014,Environment Canada
22/10/2014,Shared Services Canada
22/10/2014,Shared Services Canada
22/10/2014,Department of Fisheries and Oceans
22/10/2014,Shared Services Canada
22/10/2014,Shared Services Canada
23/10/2014,Shared Services Canada
23/10/2014,Shared Services Canada
23/10/2014,Natural Resources Canada
23/10/2014,Library and Archives Canada
23/10/2014,Library and Archives Canada
23/10/2014,Library and Archives Canada
23/10/2014,Library and Archives Canada
23/10/2014,Canadian Department of National Defence
24/10/2014,Shared Services Canada
24/10/2014,Shared Services Canada
24/10/2014,Canadian Department of National Defence
24/10/2014,Natural Resources Canada
24/10/2014,Canadian Broadcasting Corporation
24/10/2014,Shared Services Canada
25/10/2014,Canadian Museum of Civilization
26/10/2014,Canadian Department of National Defence
27/10/2014,Shared Services Canada
27/10/2014,Environment Canada
27/10/2014,Shared Services Canada
27/10/2014,Department of Justice Canada
27/10/2014,Shared Services Canada
27/10/2014,Shared Services Canada
28/10/2014,Canadian Broadcasting Corporation
28/10/2014,Canadian Broadcasting Corporation
28/10/2014,Canadian Broadcasting Corporation
28/10/2014,Canadian Broadcasting Corporation
28/10/2014,Shared Services Canada
28/10/2014,Shared Services Canada
28/10/2014,Industry Canada
28/10/2014,Canadian Department of National Defence
28/10/2014,Shared Services Canada
28/10/2014,Canadian House of Commons
28/10/2014,Canadian House of Commons
28/10/2014,Finance Canada
28/10/2014,Shared Services Canada
28/10/2014,Canadian House of Commons
28/10/2014,Environment Canada
28/10/2014,Environment Canada
28/10/2014,Environment Canada
28/10/2014,Environment Canada
28/10/2014,Environment Canada
28/10/2014,Environment Canada
28/10/2014,Environment Canada
28/10/2014,Environment Canada
28/10/2014,Shared Services Canada
28/10/2014,Environment Canada
28/10/2014,Environment Canada
28/10/2014,Canadian House of Commons
28/10/2014,Shared Services Canada
29/10/2014,Government of Canada
29/10/2014,Shared Services Canada
29/10/2014,Government of Canada
29/10/2014,Shared Services Canada
29/10/2014,Government of Canada
29/10/2014,Shared Services Canada
29/10/2014,Shared Services Canada
29/10/2014,Natural Resources Canada
29/10/2014,Government of Canada
29/10/2014,Shared Services Canada
29/10/2014,Government of Canada
29/10/2014,Shared Services Canada
29/10/2014,Natural Resources Canada
29/10/2014,Natural Resources Canada
29/10/2014,Natural Resources Canada
29/10/2014,Government of Canada
29/10/2014,Shared Services Canada
29/10/2014,Government of Canada
29/10/2014,Shared Services Canada
29/10/2014,Government of Canada
29/10/2014,Shared Services Canada
29/10/2014,Government of Canada
29/10/2014,Shared Services Canada
29/10/2014,Government of Canada
29/10/2014,Shared Services Canada
29/10/2014,Government of Canada
29/10/2014,Shared Services Canada
29/10/2014,Shared Services Canada
29/10/2014,Environment Canada
30/10/2014,Shared Services Canada
30/10/2014,Environment Canada
30/10/2014,Environment Canada
30/10/2014,Shared Services Canada
30/10/2014,Canadian Broadcasting Corporation
30/10/2014,Shared Services Canada
30/10/2014,Shared Services Canada
30/10/2014,Shared Services Canada
30/10/2014,Shared Services Canada
30/10/2014,Shared Services Canada
30/10/2014,Natural Resources Canada
30/10/2014,Industry Canada
30/10/2014,Environment Canada
30/10/2014,Environment Canada
30/10/2014,Shared Services Canada
30/10/2014,Shared Services Canada
31/10/2014,Canadian Department of National Defence
31/10/2014,Canadian Department of National Defence
01/11/2014,Canadian Broadcasting Corporation
03/11/2014,Canadian Department of National Defence
03/11/2014,Natural Resources Canada
03/11/2014,Library and Archives Canada
03/11/2014,Department of Justice Canada
03/11/2014,Department of Justice Canada
03/11/2014,Department of Justice Canada
03/11/2014,Department of Justice Canada
03/11/2014,Department of Justice Canada
03/11/2014,Department of Justice Canada
03/11/2014,Department of Justice Canada
03/11/2014,Shared Services Canada
03/11/2014,Shared Services Canada
03/11/2014,Shared Services Canada
03/11/2014,Shared Services Canada
03/11/2014,Shared Services Canada
03/11/2014,Shared Services Canada
03/11/2014,Shared Services Canada
03/11/2014,Shared Services Canada
03/11/2014,Shared Services Canada
03/11/2014,Canadian House of Commons
03/11/2014,Canadian House of Commons
03/11/2014,Canadian House of Commons
03/11/2014,Canadian House of Commons
04/11/2014,Shared Services Canada
04/11/2014,Environment Canada
04/11/2014,Environment Canada
04/11/2014,Environment Canada
04/11/2014,Environment Canada
04/11/2014,Environment Canada
04/11/2014,Environment Canada
04/11/2014,Environment Canada
04/11/2014,Environment Canada
04/11/2014,Environment Canada
04/11/2014,Environment Canada
04/11/2014,Environment Canada
04/11/2014,Environment Canada
04/11/2014,Environment Canada
04/11/2014,Environment Canada
04/11/2014,Environment Canada
04/11/2014,Environment Canada
04/11/2014,Environment Canada
04/11/2014,Environment Canada
04/11/2014,Environment Canada
04/11/2014,Environment Canada
04/11/2014,Environment Canada
04/11/2014,Environment Canada
04/11/2014,Environment Canada
04/11/2014,Environment Canada
04/11/2014,Environment Canada
04/11/2014,Environment Canada
04/11/2014,Environment Canada
04/11/2014,Environment Canada
04/11/2014,Environment Canada
04/11/2014,Environment Canada
04/11/2014,Environment Canada
04/11/2014,Environment Canada
04/11/2014,Environment Canada
04/11/2014,Environment Canada
04/11/2014,Environment Canada
04/11/2014,Environment Canada
04/11/2014,Environment Canada
04/11/2014,Environment Canada
04/11/2014,Environment Canada
04/11/2014,Environment Canada
04/11/2014,Environment Canada
04/11/2014,Environment Canada
04/11/2014,Environment Canada
04/11/2014,Environment Canada
04/11/2014,Environment Canada
04/11/2014,Environment Canada
04/11/2014,Environment Canada
04/11/2014,Environment Canada
04/11/2014,Environment Canada
04/11/2014,Environment Canada
04/11/2014,Environment Canada
04/11/2014,Environment Canada
04/11/2014,Environment Canada
04/11/2014,Environment Canada
04/11/2014,Natural Resources Canada
04/11/2014,Shared Services Canada
04/11/2014,Canadian Department of National Defence
04/11/2014,Environment Canada
04/11/2014,Environment Canada
04/11/2014,Environment Canada
04/11/2014,Environment Canada
05/11/2014,Canadian Department of National Defence
05/11/2014,Canadian Department of National Defence
05/11/2014,Industry Canada
05/11/2014,Shared Services Canada
05/11/2014,Department of Fisheries and Oceans
05/11/2014,Shared Services Canada
05/11/2014,Shared Services Canada
05/11/2014,Department of Fisheries and Oceans
05/11/2014,Department of Fisheries and Oceans
05/11/2014,Shared Services Canada
05/11/2014,Department of Fisheries and Oceans
05/11/2014,Shared Services Canada
05/11/2014,Industry Canada
05/11/2014,Canadian House of Commons
06/11/2014,Shared Services Canada
06/11/2014,Canadian Department of National Defence
06/11/2014,Canadian Broadcasting Corporation
06/11/2014,Canadian Broadcasting Corporation
06/11/2014,Canadian Broadcasting Corporation
06/11/2014,Canadian Department of National Defence
06/11/2014,Shared Services Canada
07/11/2014,Shared Services Canada
07/11/2014,Canadian Broadcasting Corporation
07/11/2014,Environment Canada
09/11/2014,Environment Canada
10/11/2014,Shared Services Canada
10/11/2014,Shared Services Canada
10/11/2014,Shared Services Canada
10/11/2014,Shared Services Canada
10/11/2014,Shared Services Canada
10/11/2014,Shared Services Canada
10/11/2014,Natural Resources Canada
11/11/2014,Canadian Department of National Defence
11/11/2014,Canadian Department of National Defence
12/11/2014,Department of Justice Canada
12/11/2014,Shared Services Canada
12/11/2014,Shared Services Canada
12/11/2014,Shared Services Canada
12/11/2014,Shared Services Canada
12/11/2014,Shared Services Canada
12/11/2014,Canadian House of Commons
12/11/2014,Industry Canada
12/11/2014,Shared Services Canada
12/11/2014,Canadian Department of National Defence
12/11/2014,Shared Services Canada
12/11/2014,Shared Services Canada
12/11/2014,Shared Services Canada
12/11/2014,Shared Services Canada
12/11/2014,Shared Services Canada
12/11/2014,Shared Services Canada
12/11/2014,Shared Services Canada
12/11/2014,Shared Services Canada
12/11/2014,Natural Resources Canada
13/11/2014,Shared Services Canada
13/11/2014,Shared Services Canada
13/11/2014,Shared Services Canada
13/11/2014,Shared Services Canada
13/11/2014,Shared Services Canada
13/11/2014,Shared Services Canada
13/11/2014,Shared Services Canada
13/11/2014,Shared Services Canada
13/11/2014,Shared Services Canada
13/11/2014,Shared Services Canada
13/11/2014,Shared Services Canada
13/11/2014,Environment Canada
13/11/2014,Shared Services Canada
13/11/2014,Shared Services Canada
13/11/2014,Shared Services Canada
13/11/2014,Shared Services Canada
13/11/2014,Shared Services Canada
13/11/2014,Shared Services Canada
13/11/2014,Shared Services Canada
13/11/2014,Canadian Department of National Defence
13/11/2014,Canadian Department of National Defence
13/11/2014,Canadian Department of National Defence
13/11/2014,Canadian Department of National Defence
13/11/2014,Canadian Department of National Defence
13/11/2014,Department of Fisheries and Oceans
13/11/2014,Shared Services Canada
13/11/2014,Department of Fisheries and Oceans
13/11/2014,Shared Services Canada
13/11/2014,Environment Canada
13/11/2014,Shared Services Canada
14/11/2014,Shared Services Canada
14/11/2014,Industry Canada
14/11/2014,Government of Canada
14/11/2014,Shared Services Canada
14/11/2014,Government of Canada
14/11/2014,Shared Services Canada
14/11/2014,Government of Canada
14/11/2014,Shared Services Canada
14/11/2014,Government of Canada
14/11/2014,Shared Services Canada
14/11/2014,Shared Services Canada
14/11/2014,Government of Canada
14/11/2014,Shared Services Canada
14/11/2014,Shared Services Canada
14/11/2014,Shared Services Canada
14/11/2014,Shared Services Canada
14/11/2014,Natural Resources Canada
14/11/2014,Shared Services Canada
14/11/2014,Shared Services Canada
14/11/2014,Shared Services Canada
14/11/2014,Shared Services Canada
17/11/2014,Shared Services Canada
17/11/2014,Shared Services Canada
17/11/2014,Shared Services Canada
17/11/2014,Shared Services Canada
17/11/2014,Shared Services Canada
17/11/2014,Canadian House of Commons
17/11/2014,Canadian House of Commons
17/11/2014,Canadian House of Commons
17/11/2014,Canadian House of Commons
17/11/2014,Canadian Department of National Defence
18/11/2014,Canadian Department of National Defence
18/11/2014,Canadian Department of National Defence
18/11/2014,Canadian Department of National Defence
18/11/2014,Canadian Department of National Defence
18/11/2014,Shared Services Canada
18/11/2014,Shared Services Canada
18/11/2014,Shared Services Canada
18/11/2014,Environment Canada
18/11/2014,Department of Justice Canada
18/11/2014,Department of Justice Canada
18/11/2014,Shared Services Canada
19/11/2014,Canadian Department of National Defence
19/11/2014,Canadian Department of National Defence
19/11/2014,Shared Services Canada
19/11/2014,Environment Canada
20/11/2014,Canadian Department of National Defence
20/11/2014,Canadian Broadcasting Corporation
20/11/2014,Shared Services Canada
20/11/2014,Shared Services Canada
20/11/2014,Environment Canada
20/11/2014,Shared Services Canada
20/11/2014,Shared Services Canada
20/11/2014,Canadian Department of National Defence
21/11/2014,Canadian House of Commons
21/11/2014,Canadian House of Commons
21/11/2014,Canadian House of Commons
21/11/2014,Environment Canada
21/11/2014,Shared Services Canada
21/11/2014,Shared Services Canada
21/11/2014,Natural Resources Canada
21/11/2014,Shared Services Canada
21/11/2014,Canadian Department of National Defence
21/11/2014,Canadian Department of National Defence
21/11/2014,Canadian Department of National Defence
21/11/2014,Canadian Department of National Defence
21/11/2014,Canadian Department of National Defence
21/11/2014,Canadian Department of National Defence
21/11/2014,Canadian Department of National Defence
21/11/2014,Shared Services Canada
22/11/2014,Environment Canada
24/11/2014,Canadian Department of National Defence
24/11/2014,Natural Resources Canada
24/11/2014,Shared Services Canada
24/11/2014,Canadian Department of National Defence
24/11/2014,Canadian Department of National Defence
24/11/2014,Natural Resources Canada
24/11/2014,Natural Resources Canada
24/11/2014,Natural Resources Canada
24/11/2014,Natural Resources Canada
25/11/2014,Shared Services Canada
25/11/2014,Shared Services Canada
25/11/2014,Shared Services Canada
25/11/2014,Shared Services Canada
25/11/2014,Shared Services Canada
25/11/2014,Shared Services Canada
25/11/2014,Shared Services Canada
25/11/2014,Shared Services Canada
25/11/2014,Shared Services Canada
25/11/2014,Canadian Department of National Defence
25/11/2014,Canadian House of Commons
26/11/2014,Shared Services Canada
26/11/2014,Canadian Department of National Defence
26/11/2014,Canadian Department of National Defence
26/11/2014,Canadian Department of National Defence
26/11/2014,Canadian Department of National Defence
26/11/2014,Canadian Broadcasting Corporation
27/11/2014,Shared Services Canada
27/11/2014,Shared Services Canada
27/11/2014,Canadian Department of National Defence
28/11/2014,Shared Services Canada
28/11/2014,Canadian Department of National Defence
28/11/2014,Shared Services Canada
28/11/2014,Environment Canada
28/11/2014,Environment Canada
28/11/2014,Environment Canada
28/11/2014,Environment Canada
28/11/2014,Shared Services Canada
28/11/2014,Government of Canada
28/11/2014,Department of Fisheries and Oceans
28/11/2014,Shared Services Canada
28/11/2014,Environment Canada
28/11/2014,Shared Services Canada
28/11/2014,Environment Canada
28/11/2014,Environment Canada
29/11/2014,Canadian Department of National Defence
29/11/2014,Canadian Department of National Defence
29/11/2014,Canadian Department of National Defence
29/11/2014,Canadian Department of National Defence
29/11/2014,Canadian Department of National Defence
29/11/2014,Canadian Department of National Defence
29/11/2014,Canadian Department of National Defence
29/11/2014,Canadian Department of National Defence
29/11/2014,Canadian Department of National Defence
29/11/2014,Canadian Department of National Defence
30/11/2014,Environment Canada
30/11/2014,Environment Canada
30/11/2014,Environment Canada
30/11/2014,Environment Canada
30/11/2014,Environment Canada
30/11/2014,Environment Canada
01/12/2014,Environment Canada
01/12/2014,Environment Canada
01/12/2014,Environment Canada
01/12/2014,Environment Canada
01/12/2014,Environment Canada
01/12/2014,Environment Canada
01/12/2014,Environment Canada
01/12/2014,Shared Services Canada
01/12/2014,Finance Canada
01/12/2014,Canadian Department of National Defence
01/12/2014,Canadian Department of National Defence
01/12/2014,Natural Resources Canada
01/12/2014,Natural Resources Canada
02/12/2014,Shared Services Canada
02/12/2014,Canadian Department of National Defence
02/12/2014,Industry Canada
02/12/2014,Canadian Department of National Defence
02/12/2014,Shared Services Canada
02/12/2014,Natural Resources Canada
02/12/2014,Natural Resources Canada
03/12/2014,Canadian Department of National Defence
03/12/2014,Canadian Department of National Defence
03/12/2014,Canadian Department of National Defence
03/12/2014,Natural Resources Canada
03/12/2014,Natural Resources Canada
03/12/2014,Natural Resources Canada
04/12/2014,Shared Services Canada
04/12/2014,Canadian Department of National Defence
04/12/2014,Canadian Department of National Defence
04/12/2014,Canadian Department of National Defence
04/12/2014,Shared Services Canada
04/12/2014,Canadian Broadcasting Corporation
05/12/2014,Canadian Department of National Defence
05/12/2014,Industry Canada
07/12/2014,Shared Services Canada
07/12/2014,Shared Services Canada
08/12/2014,Shared Services Canada
08/12/2014,Canadian Department of National Defence
08/12/2014,Shared Services Canada
08/12/2014,Shared Services Canada
08/12/2014,Shared Services Canada
08/12/2014,Shared Services Canada
08/12/2014,Shared Services Canada
08/12/2014,Shared Services Canada
08/12/2014,Shared Services Canada
08/12/2014,Shared Services Canada
08/12/2014,Shared Services Canada
08/12/2014,Natural Resources Canada
08/12/2014,Environment Canada
08/12/2014,Shared Services Canada
08/12/2014,Shared Services Canada
08/12/2014,Natural Resources Canada
08/12/2014,Natural Resources Canada
09/12/2014,Canadian Department of National Defence
09/12/2014,Canadian Department of National Defence
09/12/2014,Canadian Department of National Defence
09/12/2014,Canadian Department of National Defence
09/12/2014,Canadian Department of National Defence
09/12/2014,Canadian Department of National Defence
09/12/2014,Canadian Department of National Defence
09/12/2014,Canadian Broadcasting Corporation
09/12/2014,Canadian Department of National Defence
09/12/2014,Canadian Department of National Defence
09/12/2014,Canadian Department of National Defence
09/12/2014,Shared Services Canada
09/12/2014,Shared Services Canada
10/12/2014,Shared Services Canada
10/12/2014,Canadian Museum of Civilization
10/12/2014,Shared Services Canada
10/12/2014,Shared Services Canada
10/12/2014,Canadian Department of National Defence
10/12/2014,Canadian House of Commons
10/12/2014,Canadian Department of National Defence
10/12/2014,Canadian Department of National Defence
10/12/2014,Canadian Department of National Defence
10/12/2014,Canadian Department of National Defence
10/12/2014,Canadian Department of National Defence
10/12/2014,Canadian Department of National Defence
10/12/2014,Department of Fisheries and Oceans
10/12/2014,Shared Services Canada
11/12/2014,Canadian Broadcasting Corporation
11/12/2014,Natural Resources Canada
11/12/2014,Department of Justice Canada
11/12/2014,Canadian House of Commons
11/12/2014,Canadian House of Commons
11/12/2014,Shared Services Canada
11/12/2014,Shared Services Canada
12/12/2014,Shared Services Canada
12/12/2014,Canadian Department of National Defence
12/12/2014,Canadian Department of National Defence
12/12/2014,Canadian Department of National Defence
13/12/2014,Finance Canada
13/12/2014,Shared Services Canada
13/12/2014,Shared Services Canada
13/12/2014,Natural Resources Canada
15/12/2014,Canadian Department of National Defence
15/12/2014,Canadian Department of National Defence
15/12/2014,Canadian Department of National Defence
15/12/2014,Canadian Department of National Defence
15/12/2014,Canadian Department of National Defence
15/12/2014,Shared Services Canada
15/12/2014,Canadian Department of National Defence
15/12/2014,Canadian Department of National Defence
15/12/2014,Canadian Department of National Defence
15/12/2014,Canadian Department of National Defence
15/12/2014,Shared Services Canada
15/12/2014,Natural Resources Canada
15/12/2014,Canadian House of Commons
15/12/2014,Shared Services Canada
15/12/2014,Shared Services Canada
15/12/2014,Environment Canada
15/12/2014,Environment Canada
15/12/2014,Shared Services Canada
15/12/2014,Shared Services Canada
15/12/2014,Natural Resources Canada
16/12/2014,Library and Archives Canada
16/12/2014,Environment Canada
16/12/2014,Department of Fisheries and Oceans
16/12/2014,Shared Services Canada
16/12/2014,Library and Archives Canada
16/12/2014,Library and Archives Canada
16/12/2014,Statistics Canada
16/12/2014,Library and Archives Canada
16/12/2014,Library and Archives Canada
16/12/2014,Library and Archives Canada
16/12/2014,Library and Archives Canada
16/12/2014,Canadian House of Commons
16/12/2014,Library and Archives Canada
16/12/2014,Library and Archives Canada
16/12/2014,Library and Archives Canada
16/12/2014,Library and Archives Canada
16/12/2014,Library and Archives Canada
16/12/2014,Library and Archives Canada
16/12/2014,Shared Services Canada
16/12/2014,Library and Archives Canada
16/12/2014,Library and Archives Canada
16/12/2014,Library and Archives Canada
16/12/2014,Shared Services Canada
16/12/2014,Shared Services Canada
16/12/2014,Shared Services Canada
16/12/2014,Shared Services Canada
16/12/2014,Shared Services Canada
16/12/2014,Government of Canada
16/12/2014,Shared Services Canada
16/12/2014,Canadian Department of National Defence
16/12/2014,Shared Services Canada
16/12/2014,Shared Services Canada
16/12/2014,Government of Canada
16/12/2014,Environment Canada
16/12/2014,Environment Canada
16/12/2014,Environment Canada
16/12/2014,Environment Canada
16/12/2014,Environment Canada
16/12/2014,Canadian House of Commons
17/12/2014,Shared Services Canada
17/12/2014,Shared Services Canada
17/12/2014,Shared Services Canada
17/12/2014,Shared Services Canada
17/12/2014,Shared Services Canada
17/12/2014,Shared Services Canada
17/12/2014,Shared Services Canada
17/12/2014,Shared Services Canada
17/12/2014,Canadian House of Commons
17/12/2014,Shared Services Canada
17/12/2014,Canadian House of Commons
17/12/2014,Environment Canada
17/12/2014,Environment Canada
17/12/2014,Environment Canada
17/12/2014,Government of Canada
17/12/2014,Shared Services Canada
17/12/2014,Government of Canada
17/12/2014,Shared Services Canada
17/12/2014,Canadian Department of National Defence
17/12/2014,Canadian House of Commons
17/12/2014,Canadian Department of National Defence
17/12/2014,Environment Canada
17/12/2014,Environment Canada
17/12/2014,Environment Canada
17/12/2014,Environment Canada
17/12/2014,Environment Canada
17/12/2014,Environment Canada
17/12/2014,Environment Canada
17/12/2014,Environment Canada
17/12/2014,Environment Canada
17/12/2014,Environment Canada
17/12/2014,Environment Canada
17/12/2014,Environment Canada
17/12/2014,Environment Canada
18/12/2014,Canadian Broadcasting Corporation
18/12/2014,Canadian Department of National Defence
18/12/2014,Shared Services Canada
18/12/2014,Canadian Department of National Defence
18/12/2014,Canadian Department of National Defence
18/12/2014,Canadian Department of National Defence
19/12/2014,Government of Canada
19/12/2014,Shared Services Canada
19/12/2014,Government of Canada
19/12/2014,Shared Services Canada
19/12/2014,Government of Canada
19/12/2014,Shared Services Canada
19/12/2014,Shared Services Canada
19/12/2014,Shared Services Canada
19/12/2014,Shared Services Canada
19/12/2014,Shared Services Canada
19/12/2014,Industry Canada
20/12/2014,Environment Canada
20/12/2014,Environment Canada
20/12/2014,Environment Canada
20/12/2014,Environment Canada
21/12/2014,Shared Services Canada
21/12/2014,Shared Services Canada
21/12/2014,Shared Services Canada
21/12/2014,Environment Canada
21/12/2014,Environment Canada
21/12/2014,Environment Canada
21/12/2014,Environment Canada
21/12/2014,Environment Canada
21/12/2014,Environment Canada
21/12/2014,Environment Canada
21/12/2014,Environment Canada
21/12/2014,Environment Canada
21/12/2014,Environment Canada
21/12/2014,Environment Canada
21/12/2014,Environment Canada
21/12/2014,Environment Canada
21/12/2014,Environment Canada
21/12/2014,Environment Canada
21/12/2014,Environment Canada
21/12/2014,Environment Canada
21/12/2014,Environment Canada
21/12/2014,Environment Canada
21/12/2014,Environment Canada
21/12/2014,Environment Canada
21/12/2014,Environment Canada
21/12/2014,Environment Canada
21/12/2014,Environment Canada
21/12/2014,Environment Canada
21/12/2014,Environment Canada
21/12/2014,Environment Canada
21/12/2014,Environment Canada
21/12/2014,Environment Canada
21/12/2014,Environment Canada
21/12/2014,Environment Canada
21/12/2014,Environment Canada
21/12/2014,Environment Canada
21/12/2014,Environment Canada
21/12/2014,Environment Canada
21/12/2014,Environment Canada
21/12/2014,Environment Canada
21/12/2014,Environment Canada
21/12/2014,Environment Canada
21/12/2014,Environment Canada
21/12/2014,Environment Canada
22/12/2014,Canadian Department of National Defence
22/12/2014,Shared Services Canada
22/12/2014,Finance Canada
22/12/2014,Shared Services Canada
22/12/2014,Environment Canada
22/12/2014,Environment Canada
22/12/2014,Environment Canada
22/12/2014,Shared Services Canada
22/12/2014,Canadian Department of National Defence
22/12/2014,Canadian House of Commons
22/12/2014,Natural Resources Canada
22/12/2014,Environment Canada
22/12/2014,Environment Canada
22/12/2014,Canadian House of Commons
22/12/2014,Environment Canada
22/12/2014,Environment Canada
22/12/2014,Environment Canada
22/12/2014,Environment Canada
22/12/2014,Environment Canada
22/12/2014,Environment Canada
22/12/2014,Environment Canada
22/12/2014,Environment Canada
22/12/2014,Environment Canada
22/12/2014,Environment Canada
22/12/2014,Environment Canada
22/12/2014,Environment Canada
22/12/2014,Environment Canada
22/12/2014,Environment Canada
22/12/2014,Environment Canada
22/12/2014,Environment Canada
22/12/2014,Environment Canada
22/12/2014,Environment Canada
22/12/2014,Environment Canada
22/12/2014,Environment Canada
22/12/2014,Environment Canada
23/12/2014,Canadian Department of National Defence
23/12/2014,Canadian House of Commons
23/12/2014,Canadian House of Commons
23/12/2014,Industry Canada
23/12/2014,Department of Justice Canada
23/12/2014,Department of Justice Canada
24/12/2014,Shared Services Canada
24/12/2014,Canadian Space Agency
24/12/2014,Canadian Space Agency
24/12/2014,Canadian Space Agency
24/12/2014,Canadian Space Agency
24/12/2014,Canadian Space Agency
24/12/2014,Canadian Space Agency
24/12/2014,Canadian Space Agency
24/12/2014,Shared Services Canada
24/12/2014,Shared Services Canada
25/12/2014,Shared Services Canada
28/12/2014,Natural Resources Canada
28/12/2014,Shared Services Canada
28/12/2014,Environment Canada
28/12/2014,Natural Resources Canada
29/12/2014,Canadian Department of National Defence
29/12/2014,Canadian Department of National Defence
29/12/2014,Canadian Department of National Defence
29/12/2014,Canadian Department of National Defence
29/12/2014,Canadian Department of National Defence
29/12/2014,Canadian Department of National Defence
29/12/2014,Canadian Department of National Defence
29/12/2014,Canadian Department of National Defence
29/12/2014,Canadian Department of National Defence
29/12/2014,Shared Services Canada
29/12/2014,Shared Services Canada
29/12/2014,Shared Services Canada
29/12/2014,Shared Services Canada
29/12/2014,Shared Services Canada
29/12/2014,Environment Canada
29/12/2014,Environment Canada
29/12/2014,Environment Canada
29/12/2014,Environment Canada
29/12/2014,Environment Canada
29/12/2014,Environment Canada
29/12/2014,Environment Canada
29/12/2014,Environment Canada
29/12/2014,Environment Canada
29/12/2014,Environment Canada
29/12/2014,Environment Canada
29/12/2014,Shared Services Canada
29/12/2014,Shared Services Canada
29/12/2014,Canadian House of Commons
29/12/2014,Shared Services Canada
29/12/2014,Finance Canada
29/12/2014,Shared Services Canada
29/12/2014,Shared Services Canada
29/12/2014,Shared Services Canada
30/12/2014,Environment Canada
30/12/2014,Environment Canada
30/12/2014,Environment Canada
30/12/2014,Shared Services Canada
30/12/2014,Shared Services Canada
30/12/2014,Shared Services Canada
30/12/2014,Department of Justice Canada
30/12/2014,Shared Services Canada
30/12/2014,Environment Canada
30/12/2014,Shared Services Canada
30/12/2014,Canadian Department of National Defence
30/12/2014,Shared Services Canada
31/12/2014,Shared Services Canada
31/12/2014,Canadian Department of National Defence
31/12/2014,Canadian Department of National Defence
31/12/2014,Canadian Department of National Defence
31/12/2014,Industry Canada
31/12/2014,Industry Canada
02/01/2015,Finance Canada
02/01/2015,Shared Services Canada
02/01/2015,Finance Canada
02/01/2015,Shared Services Canada
02/01/2015,Finance Canada
02/01/2015,Shared Services Canada
02/01/2015,Shared Services Canada
02/01/2015,Shared Services Canada
02/01/2015,Shared Services Canada
02/01/2015,Shared Services Canada
02/01/2015,Shared Services Canada
02/01/2015,Shared Services Canada
05/01/2015,Shared Services Canada
05/01/2015,Shared Services Canada
05/01/2015,Shared Services Canada
05/01/2015,Shared Services Canada
05/01/2015,Shared Services Canada
05/01/2015,Canadian Department of National Defence
05/01/2015,Shared Services Canada
05/01/2015,Shared Services Canada
05/01/2015,Shared Services Canada
05/01/2015,Finance Canada
05/01/2015,Shared Services Canada
06/01/2015,Shared Services Canada
06/01/2015,Shared Services Canada
06/01/2015,Shared Services Canada
06/01/2015,Shared Services Canada
06/01/2015,Shared Services Canada
06/01/2015,Shared Services Canada
06/01/2015,Shared Services Canada
06/01/2015,Shared Services Canada
06/01/2015,Shared Services Canada
06/01/2015,Shared Services Canada
06/01/2015,Canadian Department of National Defence
06/01/2015,Canadian Department of National Defence
06/01/2015,Natural Resources Canada
06/01/2015,Shared Services Canada
08/01/2015,Shared Services Canada
08/01/2015,Shared Services Canada
09/01/2015,Environment Canada
09/01/2015,Canadian Department of National Defence
09/01/2015,Government of Canada
09/01/2015,Shared Services Canada
09/01/2015,Government of Canada
09/01/2015,Shared Services Canada
09/01/2015,Government of Canada
09/01/2015,Shared Services Canada
09/01/2015,Government of Canada
09/01/2015,Shared Services Canada
09/01/2015,Government of Canada
09/01/2015,Shared Services Canada
09/01/2015,Shared Services Canada
09/01/2015,Government of Canada
09/01/2015,Government of Canada
09/01/2015,Shared Services Canada
09/01/2015,Canadian Department of National Defence
09/01/2015,Canadian Department of National Defence
09/01/2015,Canadian Department of National Defence
09/01/2015,Canadian Department of National Defence
09/01/2015,Canadian Department of National Defence
09/01/2015,Environment Canada
09/01/2015,Environment Canada
09/01/2015,Shared Services Canada
09/01/2015,Shared Services Canada
09/01/2015,Canadian Broadcasting Corporation
09/01/2015,Shared Services Canada
09/01/2015,Canadian Department of National Defence
09/01/2015,Canadian Department of National Defence
10/01/2015,Environment Canada
10/01/2015,Canadian Department of National Defence
10/01/2015,Canadian Department of National Defence
10/01/2015,Canadian Department of National Defence
12/01/2015,Canadian Department of National Defence
12/01/2015,Shared Services Canada
12/01/2015,Industry Canada
12/01/2015,Shared Services Canada
12/01/2015,Industry Canada
12/01/2015,Natural Resources Canada
12/01/2015,Canadian Broadcasting Corporation
12/01/2015,Canadian Broadcasting Corporation
12/01/2015,Canadian Broadcasting Corporation
13/01/2015,Shared Services Canada
13/01/2015,Canadian House of Commons
13/01/2015,Canadian Department of National Defence
13/01/2015,Canadian Department of National Defence
13/01/2015,Canadian Department of National Defence
13/01/2015,Canadian House of Commons
13/01/2015,Canadian Department of National Defence
13/01/2015,Canadian House of Commons
13/01/2015,Shared Services Canada
13/01/2015,Shared Services Canada
13/01/2015,Shared Services Canada
13/01/2015,Canadian House of Commons
15/01/2015,Canadian Department of National Defence
15/01/2015,Shared Services Canada
15/01/2015,Statistics Canada
15/01/2015,Shared Services Canada
15/01/2015,Canadian House of Commons
15/01/2015,Canadian House of Commons
15/01/2015,Canadian House of Commons
15/01/2015,Canadian House of Commons
15/01/2015,Canadian House of Commons
15/01/2015,Canadian House of Commons
16/01/2015,Canadian Department of National Defence
16/01/2015,Canadian Department of National Defence
16/01/2015,Environment Canada
16/01/2015,Environment Canada
16/01/2015,Environment Canada
16/01/2015,Environment Canada
16/01/2015,Environment Canada
16/01/2015,Environment Canada
16/01/2015,Environment Canada
19/01/2015,Environment Canada
19/01/2015,Canadian Department of National Defence
19/01/2015,Canadian Department of National Defence
19/01/2015,Shared Services Canada
19/01/2015,Shared Services Canada
19/01/2015,Shared Services Canada
19/01/2015,Shared Services Canada
19/01/2015,Shared Services Canada
19/01/2015,Shared Services Canada
19/01/2015,Shared Services Canada
19/01/2015,Shared Services Canada
19/01/2015,Environment Canada
20/01/2015,Canadian Department of National Defence
20/01/2015,Canadian Department of National Defence
20/01/2015,Shared Services Canada
20/01/2015,Canadian Broadcasting Corporation
20/01/2015,Canadian Department of National Defence
20/01/2015,Shared Services Canada
21/01/2015,Industry Canada
21/01/2015,Industry Canada
21/01/2015,Department of Justice Canada
21/01/2015,Canadian House of Commons
21/01/2015,Canadian House of Commons
21/01/2015,Canadian House of Commons
21/01/2015,Canadian House of Commons
21/01/2015,Canadian House of Commons
21/01/2015,Canadian House of Commons
21/01/2015,Canadian Department of National Defence
21/01/2015,Finance Canada
21/01/2015,Shared Services Canada
21/01/2015,Shared Services Canada
22/01/2015,Shared Services Canada
22/01/2015,Canadian Department of National Defence
22/01/2015,Shared Services Canada
22/01/2015,Canadian House of Commons
22/01/2015,Canadian House of Commons
23/01/2015,Library and Archives Canada
23/01/2015,Library and Archives Canada
23/01/2015,Department of Justice Canada
23/01/2015,Government of Canada
23/01/2015,Shared Services Canada
23/01/2015,Canadian Department of National Defence
23/01/2015,Canadian House of Commons
23/01/2015,Shared Services Canada
23/01/2015,Shared Services Canada
23/01/2015,Natural Resources Canada
23/01/2015,Canadian House of Commons
23/01/2015,Shared Services Canada
24/01/2015,Finance Canada
24/01/2015,Shared Services Canada
24/01/2015,Shared Services Canada
24/01/2015,Canadian Department of National Defence
24/01/2015,Canadian Department of National Defence
24/01/2015,Canadian Department of National Defence
24/01/2015,Canadian Department of National Defence
26/01/2015,Environment Canada
26/01/2015,Canadian House of Commons
26/01/2015,Shared Services Canada
26/01/2015,Canadian Department of National Defence
26/01/2015,Canadian Department of National Defence
26/01/2015,Canadian Department of National Defence
26/01/2015,Canadian Department of National Defence
26/01/2015,Canadian Department of National Defence
26/01/2015,Shared Services Canada
26/01/2015,Canadian Department of National Defence
26/01/2015,Canadian Department of National Defence
26/01/2015,Canadian Department of National Defence
26/01/2015,Canadian Department of National Defence
26/01/2015,Canadian Department of National Defence
27/01/2015,Department of Fisheries and Oceans
27/01/2015,Shared Services Canada
27/01/2015,Department of Fisheries and Oceans
27/01/2015,Shared Services Canada
27/01/2015,Department of Fisheries and Oceans
27/01/2015,Shared Services Canada
27/01/2015,Department of Fisheries and Oceans
27/01/2015,Shared Services Canada
27/01/2015,Canadian House of Commons
27/01/2015,Shared Services Canada
28/01/2015,Shared Services Canada
28/01/2015,Shared Services Canada
28/01/2015,Shared Services Canada
28/01/2015,Shared Services Canada
28/01/2015,Canadian Department of National Defence
28/01/2015,Canadian Department of National Defence
28/01/2015,Canadian Department of National Defence
28/01/2015,Canadian Department of National Defence
28/01/2015,Shared Services Canada
28/01/2015,Canadian Department of National Defence
29/01/2015,Canadian Department of National Defence
29/01/2015,Shared Services Canada
29/01/2015,Transport Canada
29/01/2015,Shared Services Canada
29/01/2015,Canadian House of Commons
29/01/2015,Canadian House of Commons
29/01/2015,Shared Services Canada
29/01/2015,Canadian Department of National Defence
30/01/2015,Canadian Department of National Defence
30/01/2015,Canadian Department of National Defence
30/01/2015,Canadian House of Commons
30/01/2015,Shared Services Canada
30/01/2015,Shared Services Canada
30/01/2015,Shared Services Canada
30/01/2015,Shared Services Canada
30/01/2015,Canadian Department of National Defence
02/02/2015,Natural Resources Canada
02/02/2015,Shared Services Canada
02/02/2015,Canadian Department of National Defence
02/02/2015,Canadian Department of National Defence
02/02/2015,Canadian Department of National Defence
02/02/2015,Canadian Department of National Defence
02/02/2015,Canadian Department of National Defence
02/02/2015,Canadian House of Commons
02/02/2015,Canadian House of Commons
02/02/2015,Canadian House of Commons
02/02/2015,Canadian House of Commons
02/02/2015,Canadian House of Commons
02/02/2015,Shared Services Canada
02/02/2015,Canadian Department of National Defence
02/02/2015,Canadian House of Commons
03/02/2015,Canadian Department of National Defence
03/02/2015,Department of Fisheries and Oceans
03/02/2015,Shared Services Canada
03/02/2015,Shared Services Canada
03/02/2015,Canadian Department of National Defence
03/02/2015,Shared Services Canada
03/02/2015,Canadian Department of National Defence
03/02/2015,Shared Services Canada
03/02/2015,Government of Canada
03/02/2015,Canadian Department of National Defence
03/02/2015,Canadian Department of National Defence
03/02/2015,Canadian Department of National Defence
03/02/2015,Canadian Department of National Defence
03/02/2015,Canadian Department of National Defence
03/02/2015,Canadian Department of National Defence
03/02/2015,Shared Services Canada
03/02/2015,Shared Services Canada
03/02/2015,Canadian Department of National Defence
05/02/2015,Shared Services Canada
05/02/2015,Canadian Department of National Defence
05/02/2015,Canadian Department of National Defence
05/02/2015,Shared Services Canada
05/02/2015,Shared Services Canada
05/02/2015,Shared Services Canada
05/02/2015,Canadian Department of National Defence
05/02/2015,Shared Services Canada
05/02/2015,Transport Canada
05/02/2015,Shared Services Canada
05/02/2015,Shared Services Canada
05/02/2015,Shared Services Canada
05/02/2015,Natural Resources Canada
05/02/2015,Natural Resources Canada
06/02/2015,Canadian Department of National Defence
06/02/2015,Shared Services Canada
06/02/2015,Canadian Department of National Defence
06/02/2015,Canadian Department of National Defence
06/02/2015,Canadian Department of National Defence
06/02/2015,Shared Services Canada
06/02/2015,Shared Services Canada
06/02/2015,Shared Services Canada
06/02/2015,Canadian House of Commons
06/02/2015,Shared Services Canada
08/02/2015,Shared Services Canada
08/02/2015,Shared Services Canada
08/02/2015,Finance Canada
08/02/2015,Shared Services Canada
09/02/2015,Canadian Department of National Defence
09/02/2015,Shared Services Canada
09/02/2015,Shared Services Canada
09/02/2015,Department of Fisheries and Oceans
09/02/2015,Shared Services Canada
09/02/2015,Shared Services Canada
09/02/2015,Shared Services Canada
09/02/2015,Shared Services Canada
09/02/2015,Shared Services Canada
09/02/2015,Shared Services Canada
10/02/2015,Canadian Department of National Defence
10/02/2015,Canadian Department of National Defence
10/02/2015,Shared Services Canada
10/02/2015,Shared Services Canada
11/02/2015,Canadian Department of National Defence
11/02/2015,Canadian Department of National Defence
11/02/2015,Canadian Department of National Defence
11/02/2015,Shared Services Canada
11/02/2015,Transport Canada
11/02/2015,Department of Justice Canada
11/02/2015,Department of Justice Canada
12/02/2015,Shared Services Canada
12/02/2015,Canadian Department of National Defence
12/02/2015,Industry Canada
13/02/2015,Shared Services Canada
13/02/2015,Department of Justice Canada
14/02/2015,Shared Services Canada
14/02/2015,Shared Services Canada
14/02/2015,Shared Services Canada
14/02/2015,Shared Services Canada
14/02/2015,Canadian Department of National Defence
16/02/2015,Shared Services Canada
16/02/2015,Canadian Department of National Defence
16/02/2015,Canadian Department of National Defence
17/02/2015,Shared Services Canada
17/02/2015,Canadian Broadcasting Corporation
17/02/2015,Shared Services Canada
17/02/2015,Shared Services Canada
17/02/2015,Shared Services Canada
17/02/2015,Canadian Department of National Defence
17/02/2015,Department of Justice Canada
17/02/2015,Department of Justice Canada
17/02/2015,Canadian House of Commons
17/02/2015,Shared Services Canada
17/02/2015,Environment Canada
17/02/2015,Canadian Department of National Defence
17/02/2015,Canadian Department of National Defence
17/02/2015,Canadian Department of National Defence
17/02/2015,Canadian Department of National Defence
17/02/2015,Canadian Department of National Defence
18/02/2015,Shared Services Canada
18/02/2015,Canadian Department of National Defence
18/02/2015,Shared Services Canada
18/02/2015,Transport Canada
18/02/2015,Shared Services Canada
18/02/2015,Canadian Broadcasting Corporation
18/02/2015,Canadian Department of National Defence
18/02/2015,Canadian Department of National Defence
18/02/2015,Canadian Department of National Defence
18/02/2015,Canadian Department of National Defence
18/02/2015,Canadian Department of National Defence
18/02/2015,Canadian Department of National Defence
18/02/2015,Canadian Department of National Defence
18/02/2015,Canadian Department of National Defence
18/02/2015,Canadian Department of National Defence
18/02/2015,Industry Canada
18/02/2015,Canadian Department of National Defence
18/02/2015,Canadian Department of National Defence
18/02/2015,Canadian Department of National Defence
18/02/2015,Canadian Department of National Defence
18/02/2015,Canadian Department of National Defence
18/02/2015,Canadian Department of National Defence
18/02/2015,Canadian Department of National Defence
18/02/2015,Canadian Department of National Defence
18/02/2015,Canadian Department of National Defence
18/02/2015,Canadian Department of National Defence
18/02/2015,Canadian Department of National Defence
18/02/2015,Canadian Department of National Defence
18/02/2015,Canadian Department of National Defence
18/02/2015,Canadian Department of National Defence
18/02/2015,Canadian Department of National Defence
18/02/2015,Canadian Department of National Defence
18/02/2015,Canadian Department of National Defence
18/02/2015,Canadian Department of National Defence
18/02/2015,Canadian Department of National Defence
18/02/2015,Canadian Department of National Defence
18/02/2015,Canadian Department of National Defence
18/02/2015,Canadian Department of National Defence
19/02/2015,Canadian Department of National Defence
19/02/2015,Canadian Department of National Defence
19/02/2015,Canadian Department of National Defence
19/02/2015,Canadian Department of National Defence
19/02/2015,Canadian Department of National Defence
19/02/2015,Canadian Department of National Defence
19/02/2015,Canadian Department of National Defence
19/02/2015,Canadian Department of National Defence
19/02/2015,Canadian Department of National Defence
19/02/2015,Shared Services Canada
19/02/2015,Shared Services Canada
19/02/2015,Canadian Department of National Defence
19/02/2015,Canadian Department of National Defence
19/02/2015,Canadian Department of National Defence
19/02/2015,Canadian Department of National Defence
19/02/2015,Canadian Department of National Defence
19/02/2015,Canadian Department of National Defence
19/02/2015,Canadian Department of National Defence
19/02/2015,Canadian Department of National Defence
19/02/2015,Canadian Department of National Defence
19/02/2015,Canadian Department of National Defence
19/02/2015,Canadian Department of National Defence
19/02/2015,Canadian Department of National Defence
19/02/2015,Canadian Department of National Defence
19/02/2015,Shared Services Canada
19/02/2015,Shared Services Canada
19/02/2015,Canadian Department of National Defence
19/02/2015,Canadian Department of National Defence
19/02/2015,Canadian Department of National Defence
19/02/2015,Canadian Department of National Defence
19/02/2015,Canadian Department of National Defence
19/02/2015,Canadian Department of National Defence
19/02/2015,Canadian Department of National Defence
19/02/2015,Industry Canada
19/02/2015,Industry Canada
20/02/2015,Shared Services Canada
20/02/2015,Shared Services Canada
20/02/2015,Environment Canada
20/02/2015,Shared Services Canada
20/02/2015,Shared Services Canada
20/02/2015,Natural Resources Canada
20/02/2015,Canadian Department of National Defence
20/02/2015,Canadian Department of National Defence
20/02/2015,Canadian Department of National Defence
20/02/2015,Canadian Department of National Defence
20/02/2015,Environment Canada
21/02/2015,Canadian Department of National Defence
21/02/2015,Environment Canada
21/02/2015,Environment Canada
21/02/2015,Environment Canada
21/02/2015,Environment Canada
21/02/2015,Environment Canada
21/02/2015,Environment Canada
21/02/2015,Environment Canada
21/02/2015,Environment Canada
21/02/2015,Environment Canada
21/02/2015,Environment Canada
21/02/2015,Environment Canada
21/02/2015,Environment Canada
21/02/2015,Environment Canada
21/02/2015,Environment Canada
21/02/2015,Environment Canada
23/02/2015,Shared Services Canada
23/02/2015,Shared Services Canada
23/02/2015,Canadian Department of National Defence
23/02/2015,Natural Resources Canada
23/02/2015,Canadian Department of National Defence
23/02/2015,Canadian Department of National Defence
23/02/2015,Canadian Department of National Defence
23/02/2015,Shared Services Canada
23/02/2015,Canadian House of Commons
23/02/2015,Canadian Department of National Defence
23/02/2015,Shared Services Canada
24/02/2015,Shared Services Canada
24/02/2015,Shared Services Canada
24/02/2015,Shared Services Canada
24/02/2015,Canadian Department of National Defence
25/02/2015,Canadian Broadcasting Corporation
25/02/2015,Canadian Broadcasting Corporation
25/02/2015,Canadian Department of National Defence
25/02/2015,Canadian House of Commons
25/02/2015,Canadian House of Commons
25/02/2015,Canadian House of Commons
26/02/2015,Canadian Department of National Defence
26/02/2015,Canadian Department of National Defence
26/02/2015,Canadian Department of National Defence
26/02/2015,Canadian Department of National Defence
26/02/2015,Canadian Department of National Defence
26/02/2015,Canadian Department of National Defence
26/02/2015,Canadian Department of National Defence
26/02/2015,Canadian Department of National Defence
26/02/2015,Canadian House of Commons
26/02/2015,Canadian House of Commons
26/02/2015,Shared Services Canada
26/02/2015,Shared Services Canada
26/02/2015,Environment Canada
26/02/2015,Canadian Department of National Defence
26/02/2015,Canadian Department of National Defence
26/02/2015,Canadian Department of National Defence
26/02/2015,Canadian Department of National Defence
26/02/2015,Canadian Department of National Defence
26/02/2015,Canadian Department of National Defence
26/02/2015,Canadian Department of National Defence
26/02/2015,Canadian Department of National Defence
26/02/2015,Canadian Department of National Defence
26/02/2015,Canadian Department of National Defence
26/02/2015,Shared Services Canada
27/02/2015,Natural Resources Canada
27/02/2015,Department of Justice Canada
27/02/2015,Shared Services Canada
27/02/2015,Shared Services Canada
27/02/2015,Shared Services Canada
27/02/2015,Shared Services Canada
27/02/2015,Shared Services Canada
27/02/2015,Shared Services Canada
27/02/2015,Canadian House of Commons
27/02/2015,Canadian House of Commons
27/02/2015,Canadian House of Commons
01/03/2015,Shared Services Canada
01/03/2015,Environment Canada
01/03/2015,Environment Canada
01/03/2015,Environment Canada
01/03/2015,Environment Canada
01/03/2015,Environment Canada
01/03/2015,Environment Canada
01/03/2015,Environment Canada
01/03/2015,Environment Canada
02/03/2015,Shared Services Canada
02/03/2015,Shared Services Canada
02/03/2015,Canadian Department of National Defence
02/03/2015,Canadian Department of National Defence
02/03/2015,Canadian Department of National Defence
02/03/2015,Shared Services Canada
02/03/2015,Shared Services Canada
02/03/2015,Shared Services Canada
02/03/2015,Canadian House of Commons
02/03/2015,Canadian House of Commons
02/03/2015,Shared Services Canada
02/03/2015,Canadian Department of National Defence
02/03/2015,Canadian Department of National Defence
02/03/2015,Canadian Department of National Defence
03/03/2015,Canadian Department of National Defence
03/03/2015,Environment Canada
03/03/2015,Shared Services Canada
03/03/2015,Shared Services Canada
03/03/2015,Industry Canada
03/03/2015,Shared Services Canada
03/03/2015,Shared Services Canada
03/03/2015,Shared Services Canada
03/03/2015,Shared Services Canada
03/03/2015,Shared Services Canada
03/03/2015,Shared Services Canada
03/03/2015,Shared Services Canada
03/03/2015,Shared Services Canada
04/03/2015,Industry Canada
04/03/2015,Shared Services Canada
04/03/2015,Transport Canada
04/03/2015,Shared Services Canada
04/03/2015,Transport Canada
04/03/2015,Shared Services Canada
04/03/2015,Shared Services Canada
04/03/2015,Shared Services Canada
04/03/2015,Shared Services Canada
04/03/2015,Shared Services Canada
04/03/2015,Shared Services Canada
04/03/2015,Shared Services Canada
04/03/2015,Shared Services Canada
04/03/2015,Shared Services Canada
04/03/2015,Shared Services Canada
04/03/2015,Shared Services Canada
04/03/2015,Shared Services Canada
04/03/2015,Shared Services Canada
04/03/2015,Shared Services Canada
04/03/2015,Shared Services Canada
05/03/2015,Environment Canada
05/03/2015,Environment Canada
05/03/2015,Environment Canada
05/03/2015,Environment Canada
05/03/2015,Environment Canada
05/03/2015,Environment Canada
05/03/2015,Environment Canada
05/03/2015,Environment Canada
05/03/2015,Environment Canada
05/03/2015,Environment Canada
05/03/2015,Environment Canada
05/03/2015,Environment Canada
05/03/2015,Environment Canada
05/03/2015,Environment Canada
05/03/2015,Environment Canada
05/03/2015,Environment Canada
05/03/2015,Shared Services Canada
05/03/2015,Shared Services Canada
05/03/2015,Shared Services Canada
05/03/2015,Shared Services Canada
05/03/2015,Canadian House of Commons
05/03/2015,Canadian House of Commons
05/03/2015,Canadian House of Commons
05/03/2015,Shared Services Canada
05/03/2015,Canadian Museum of Civilization
05/03/2015,Canadian Museum of Civilization
06/03/2015,Environment Canada
06/03/2015,Environment Canada
06/03/2015,Environment Canada
06/03/2015,Environment Canada
06/03/2015,Environment Canada
06/03/2015,Environment Canada
06/03/2015,Environment Canada
06/03/2015,Environment Canada
06/03/2015,Environment Canada
06/03/2015,Environment Canada
06/03/2015,Environment Canada
06/03/2015,Environment Canada
06/03/2015,Environment Canada
06/03/2015,Environment Canada
06/03/2015,Environment Canada
06/03/2015,Environment Canada
06/03/2015,Environment Canada
06/03/2015,Environment Canada
06/03/2015,Environment Canada
06/03/2015,Environment Canada
06/03/2015,Environment Canada
06/03/2015,Environment Canada
06/03/2015,Environment Canada
06/03/2015,Environment Canada
06/03/2015,Environment Canada
06/03/2015,Environment Canada
06/03/2015,Environment Canada
06/03/2015,Environment Canada
06/03/2015,Environment Canada
06/03/2015,Environment Canada
06/03/2015,Environment Canada
06/03/2015,Environment Canada
06/03/2015,Environment Canada
06/03/2015,Environment Canada
06/03/2015,Environment Canada
06/03/2015,Environment Canada
06/03/2015,Environment Canada
06/03/2015,Environment Canada
06/03/2015,Environment Canada
06/03/2015,Environment Canada
06/03/2015,Environment Canada
06/03/2015,Environment Canada
06/03/2015,Environment Canada
06/03/2015,Environment Canada
06/03/2015,Environment Canada
06/03/2015,Environment Canada
06/03/2015,Environment Canada
06/03/2015,Environment Canada
06/03/2015,Environment Canada
06/03/2015,Environment Canada
06/03/2015,Environment Canada
06/03/2015,Environment Canada
06/03/2015,Environment Canada
06/03/2015,Environment Canada
06/03/2015,Environment Canada
06/03/2015,Environment Canada
06/03/2015,Environment Canada
06/03/2015,Environment Canada
06/03/2015,Environment Canada
06/03/2015,Environment Canada
06/03/2015,Environment Canada
06/03/2015,Environment Canada
06/03/2015,Environment Canada
