65th Infantry Regiment (United States),Canadian Department of National Defence ,http://t.co/PufmHDNAWM,http://en.wikipedia.org/w/index.php?diff=648686432&oldid=642862448,131.137.245.207
Wagon Wheels ,Shared Services Canada ,http://t.co/rg96VilKoE,http://en.wikipedia.org/w/index.php?diff=648657957&oldid=648657732,198.103.152.51
Wagon Wheels ,Shared Services Canada ,http://t.co/xFoOednJXk,http://en.wikipedia.org/w/index.php?diff=648657732&oldid=648587757,198.103.152.51
Fresh Off the Boat ,Shared Services Canada ,http://t.co/B7Sxv8mhbC,http://en.wikipedia.org/w/index.php?diff=648593586&oldid=648531015,198.103.104.11
Talk:Spawn (comics) ,Shared Services Canada ,http://t.co/XnUgEKlE6Z,http://en.wikipedia.org/w/index.php?diff=648532109&oldid=627720623,205.194.127.36
HMCS Algonquin (DDG 283) ,Canadian Department of National Defence ,http://t.co/EyXCXxy5GA,http://en.wikipedia.org/w/index.php?diff=648522592&oldid=648508036,131.137.245.207
How Few Remain ,Canadian House of Commons ,http://t.co/Jd18Y9KIDB,http://en.wikipedia.org/w/index.php?diff=648521387&oldid=646890990,192.197.82.203
Pattie Mallette ,Shared Services Canada ,http://t.co/x7bOiAahZ2,http://en.wikipedia.org/w/index.php?diff=648520348&oldid=647998580,198.103.184.76
LAPV Enok ,Canadian Department of National Defence ,http://t.co/rIzH1X5pAh,http://en.wikipedia.org/w/index.php?diff=648512833&oldid=646204613,131.137.245.207
HMCS Algonquin (DDG 283) ,Canadian Department of National Defence ,http://t.co/D6hFE3f9M0,http://en.wikipedia.org/w/index.php?diff=648503413&oldid=648503017,131.137.245.209
HMCS Algonquin (DDG 283) ,Canadian Department of National Defence ,http://t.co/b592OC5vQa,http://en.wikipedia.org/w/index.php?diff=648503017&oldid=648404939,131.137.245.209
Talk:Dumas Brothel ,Natural Resources Canada ,http://t.co/G1J2wsl2PX,http://en.wikipedia.org/w/index.php?diff=648477066&oldid=648466420,132.156.144.54
Charny (L\u00e9vis) ,Canadian Department of National Defence ,http://t.co/E6eBuBGRwd,,
Frank Sinatra Jr.,Shared Services Canada ,http://t.co/FBVZoA5DvS,,
Talk:Great power/History ,Shared Services Canada ,http://t.co/fJ85dVUJ2e,,
Virginia Peak (Nevada) ,Environment Canada ,http://t.co/yMKfFAnSfJ,,
Service de police de Toronto ,Environment Canada ,http://t.co/XWQYEfgZuy,,
Service de police de la Ville de Qu\u00e9bec ,Environment Canada ,http://t.co/ofmuYHtLYZ,,
Service de police de Hamilton ,Environment Canada ,http://t.co/iQsu1VVoH5,,
Police municipale (Canada) ,Environment Canada ,http://t.co/1iiLhl6Rcz,,
Service de police de la ville de Montr\u00e9al ,Environment Canada ,http://t.co/B0qzISCEq5,,
Monts Huang ,Environment Canada ,http://t.co/2lSfYz8zhD,,
Le Triomphe de la volont\u00e9 ,Environment Canada ,http://t.co/cVQ5x4WZYb,,
Chen Shu ,Environment Canada ,http://t.co/qgKpZFqjGt,,
Solatorobo: Red the Hunter ,Environment Canada ,http://t.co/iMRgBJHt7Z,,
Grand Line ,Environment Canada ,http://t.co/FcpM3NuHmD,,
Climat des Hautes-Pyr\u00e9n\u00e9es ,Environment Canada ,http://t.co/Bjsbn0Ccaz,,
Agni\u00e8res-en-D\u00e9voluy ,Environment Canada ,http://t.co/CyVorqD1CW,,
Shion (Saint Seiya) ,Environment Canada ,http://t.co/4Qda3h2rQ8,,
Luna 5 ,Environment Canada ,http://t.co/uc04SJ5Qnc,,
S\u00e9mites ,Canadian Department of National Defence ,http://t.co/EsHYY1PtNi,,
Rivi\u00e8re atmosph\u00e9rique ,Environment Canada ,http://t.co/JSPoi7A9Us,,
HMCS Algonquin (DDG 283) ,Canadian Department of National Defence ,http://t.co/ZEPZOaXf3h,,
HMCS Algonquin (DDG 283) ,Canadian Department of National Defence ,http://t.co/6mHMimXTL5,,
HMCS Algonquin (DDG 283) ,Canadian Department of National Defence ,http://t.co/AOpXQ7I3wD,,
HMCS Algonquin (DDG 283) ,Canadian Department of National Defence ,http://t.co/AlWvS6NWpD,,
CBM-CFS3 ,Natural Resources Canada ,http://t.co/7A39ekvRy0,,
Vaccinium vitis-idaea ,Shared Services Canada ,http://t.co/TAaoIRiJw9,,
Template:JYP Entertainment ,Shared Services Canada ,http://t.co/tcQq6NSivL,,
Rivi\u00e8re atmosph\u00e9rique ,Environment Canada ,http://t.co/PTKzQkXN4p,,
List of law enforcement agencies in Canada ,Shared Services Canada ,http://t.co/xq3ejmts39,,
Q19323444 ,Shared Services Canada ,http://t.co/TwVycr66Gz,,
Canadian Policy Research Networks ,Industry Canada ,http://t.co/KkXhakYPxr,,
Canadian Policy Research Networks ,Industry Canada ,http://t.co/0MhQuUSkYL,,
Colt Canada C7 rifle ,Canadian Department of National Defence ,http://t.co/uHugOBUuig,,
Colt Canada C7 rifle ,Canadian Department of National Defence ,http://t.co/2NHH6hlTFy,,
Colt Canada C7 rifle ,Canadian Department of National Defence ,http://t.co/LnIUggH4z3,,
Colt Canada C7 rifle ,Canadian Department of National Defence ,http://t.co/FATkWULMHE,,
Colt Canada C7 rifle ,Canadian Department of National Defence ,http://t.co/pYfl2JT2II,,
HMCS Algonquin (DDG 283) ,Canadian Department of National Defence ,http://t.co/2JAkrZolJa,,
HMCS Algonquin (DDG 283) ,Canadian Department of National Defence ,http://t.co/6dfLVBkhs5,,
Canadian Nuclear Safety Commission ,Shared Services Canada ,http://t.co/jP2yDIK1XI,,
Nuclear Regulatory Commission ,Shared Services Canada ,http://t.co/gxoSE6ecAf,,
HMCS Algonquin (DDG 283) ,Canadian Department of National Defence ,http://t.co/vrtVvJNK55,,
HMCS Algonquin (DDG 283) ,Canadian Department of National Defence ,http://t.co/xR4QYzOvtC,,
HMCS Algonquin (DDG 283) ,Canadian Department of National Defence ,http://t.co/JoWEJDjkhD,,
HMCS Algonquin (DDG 283) ,Canadian Department of National Defence ,http://t.co/tkVFb23vBD,,
HMCS Algonquin (DDG 283) ,Canadian Department of National Defence ,http://t.co/CIrs71ZsYW,,
HMCS Algonquin (DDG 283) ,Canadian Department of National Defence ,http://t.co/bvEZ4tC2A7,,
HMCS Algonquin (DDG 283) ,Canadian Department of National Defence ,http://t.co/0CJmqAtcBD,,
HMCS Algonquin (DDG 283) ,Canadian Department of National Defence ,http://t.co/XDY0IzjdJS,,
HMCS Algonquin (DDG 283) ,Canadian Department of National Defence ,http://t.co/RAXK5c5qq3,,
HMCS Algonquin (DDG 283) ,Canadian Department of National Defence ,http://t.co/CxGbiWRt1J,,
HMCS Algonquin (DDG 283) ,Canadian Department of National Defence ,http://t.co/Iok23rDeUP,,
HMCS Algonquin (DDG 283) ,Canadian Department of National Defence ,http://t.co/AQOGuUwdun,,
HMCS Algonquin (DDG 283) ,Canadian Department of National Defence ,http://t.co/ATY1C4q1jI,,
Crime in Venezuela ,Shared Services Canada ,http://t.co/675HpgESXm,,
Allison Macfarlane ,Shared Services Canada ,http://t.co/xXbvsuqLWU,,
Colt Canada C7 rifle ,Canadian Department of National Defence ,http://t.co/a3r2Obc6aB,,
Colt Canada C7 rifle ,Canadian Department of National Defence ,http://t.co/wIwv7JQNA7,,
Colt Canada C7 rifle ,Canadian Department of National Defence ,http://t.co/3C4cnkGNpK,,
Colt Canada C7 rifle ,Canadian Department of National Defence ,http://t.co/i5Bmw8M6Vy,,
Colt Canada C7 rifle ,Canadian Department of National Defence ,http://t.co/EBIST7k9xj,,
Colt Canada C7 rifle ,Canadian Department of National Defence ,http://t.co/OcJvJVu5SY,,
Colt Canada C7 rifle ,Canadian Department of National Defence ,http://t.co/Ap03tHlOML,,
C79 optical sight ,Canadian Department of National Defence ,http://t.co/9Bc52qzwil,,
C79 optical sight ,Canadian Department of National Defence ,http://t.co/MyOoaOcyQ2,,
HMCS Algonquin (DDG 283) ,Canadian Department of National Defence ,http://t.co/uYIdttJn2x,,
HMCS Algonquin (DDG 283) ,Canadian Department of National Defence ,http://t.co/qhtA23Vl6o,,
HMCS Algonquin (DDG 283) ,Canadian Department of National Defence ,http://t.co/2mOHsfkxxD,,
HMCS Algonquin (DDG 283) ,Canadian Department of National Defence ,http://t.co/1pmCTG7B3R,,
HMCS Algonquin (DDG 283) ,Canadian Department of National Defence ,http://t.co/TqCgEr32tA,,
HMCS Algonquin (DDG 283) ,Canadian Department of National Defence ,http://t.co/x8sOr31ywp,,
HMCS Algonquin (DDG 283) ,Canadian Department of National Defence ,http://t.co/aEqTWkuH2q,,
HMCS Algonquin (DDG 283) ,Canadian Department of National Defence ,http://t.co/298TuruvyJ,,
HMCS Algonquin (DDG 283) ,Canadian Department of National Defence ,http://t.co/htnJma1EII,,
HMCS Algonquin (DDG 283) ,Canadian Department of National Defence ,http://t.co/RaVhlfh78X,,
HMCS Algonquin (DDG 283) ,Canadian Department of National Defence ,http://t.co/tJpa0VsABf,,
HMCS Algonquin (DDG 283) ,Canadian Department of National Defence ,http://t.co/edGGJbr4KD,,
HMCS Algonquin (DDG 283) ,Canadian Department of National Defence ,http://t.co/V4nfFAOnWP,,
HMCS Algonquin (DDG 283) ,Canadian Department of National Defence ,http://t.co/XKqHbSDCfx,,
HMCS Algonquin (DDG 283) ,Canadian Department of National Defence ,http://t.co/j3Kv1uEgI2,,
HMCS Algonquin (DDG 283) ,Canadian Department of National Defence ,http://t.co/abs4pb5v5U,,
HMCS Algonquin (DDG 283) ,Canadian Department of National Defence ,http://t.co/Eh3UdoBkA3,,
HMCS Algonquin (DDG 283) ,Canadian Department of National Defence ,http://t.co/aLIDzxjLfs,,
HMCS Algonquin (DDG 283) ,Canadian Department of National Defence ,http://t.co/LJMEHdreDR,,
HMCS Algonquin (DDG 283) ,Canadian Department of National Defence ,http://t.co/venmoHt6Io,,
HMCS Algonquin (DDG 283) ,Canadian Department of National Defence ,http://t.co/RB7A1iOjwS,,
HMCS Algonquin (DDG 283) ,Canadian Department of National Defence ,http://t.co/n1mbO4CXg9,,
Rolltop desk ,Industry Canada ,http://t.co/xh2ECX0zBt,,
HMCS Algonquin (DDG 283) ,Canadian Department of National Defence ,http://t.co/VJpDCB8O5r,,
HMCS Algonquin (DDG 283) ,Canadian Department of National Defence ,http://t.co/g0Vtv7LRSn,,
HMCS Algonquin (DDG 283) ,Canadian Department of National Defence ,http://t.co/k4tofIvwaA,,
HMCS Algonquin (DDG 283) ,Canadian Department of National Defence ,http://t.co/et2MJRpJaF,,
HMCS Algonquin (DDG 283) ,Canadian Department of National Defence ,http://t.co/BVJMXTDlEB,,
HMCS Algonquin (DDG 283) ,Canadian Department of National Defence ,http://t.co/3PsaLSl1OC,,
HMCS Algonquin (DDG 283) ,Canadian Department of National Defence ,http://t.co/CzxWabQADY,,
HMCS Algonquin (DDG 283) ,Canadian Department of National Defence ,http://t.co/T9MAaV98ne,,
HMCS Algonquin (DDG 283) ,Canadian Department of National Defence ,http://t.co/USZI2WLzAj,,
Put Your Dreams Away (For Another Day) ,Canadian Broadcasting Corporation ,http://t.co/x4xH9Otz21,,
Transport Canada ,Shared Services Canada ,http://t.co/71yNXwnbYP,,
Transport Canada ,Transport Canada ,http://t.co/71yNXwnbYP,,
Quantitative computed tomography ,Shared Services Canada ,http://t.co/9gcXp81jNT,,
Combatant ,Canadian Department of National Defence ,http://t.co/ndlBMqxg2b,,
Punjabi people ,Shared Services Canada ,http://t.co/uVpOmlVFFk,,
