category,sub-cateogry,branch
aboriginal,First Nations,Shared Services Canada
aboriginal,First Nations,Shared Services Canada
aboriginal,aboriginal people,Shared Services Canada
alcohol,beer,Statistics Canada
alcohol,beer,Department of Justice Canada
alcohol,beer,Department of Justice Canada
alcohol,whiskey,Shared Services Canada
alcohol,whiskey,Shared Services Canada
alcohol,beer,Shared Services Canada
animal,water animal,Finance Canada
animal,water animal,Shared Services Canada
art,political history,Canadian Department of National Defence
art,environmental history,Environment Canada
art,environmental history,Environment Canada
art,environmental history,Environment Canada
art,environmental history,Environment Canada
art,sociology,Department of Justice Canada
art,sociology,Department of Justice Canada
art,sociology,Department of Justice Canada
art,sociology,Department of Justice Canada
art,sociology,Department of Justice Canada
art,sociology,Department of Justice Canada
art,sociology,Department of Justice Canada
art,political history,Shared Services Canada
art,geographic history,Canadian Department of National Defence
art,geographic history,Canadian Department of National Defence
art,geographic history,Canadian Department of National Defence
art,geographic history,Canadian Department of National Defence
art,geographic history,Canadian Department of National Defence
art,geographic history,Canadian Department of National Defence
art,geographic history,Canadian Department of National Defence
art,geographic history,Canadian Department of National Defence
art,geographic history,Canadian Department of National Defence
arts,art viewer,Department of Justice Canada
arts,sculpture,Shared Services Canada
arts,architecture,Canadian Department of National Defence
arts,legend,Department of Justice Canada
arts,architecture,Natural Resources Canada
arts,architecture,Natural Resources Canada
arts,actor,Environment Canada
automobiles,car,Canadian Department of National Defence
automobiles,car,Canadian Department of National Defence
automobiles,car,Canadian Department of National Defence
automobiles,car,Canadian Department of National Defence
automobiles,car,Canadian Department of National Defence
automobiles,car,Canadian Department of National Defence
automobiles,motorcycle,Environment Canada
automobiles,car,Finance Canada
automobiles,car,Shared Services Canada
aviation,airport,Environment Canada
aviation,airline,Shared Services Canada
aviation,plane,Department of Justice Canada
aviation,airline,Shared Services Canada
aviation,airport,Shared Services Canada
aviation,airport,Shared Services Canada
aviation,helicopter,Canadian Department of National Defence
aviation,airport,Canadian House of Commons
aviation,airport,Canadian Department of National Defence
aviation,airport,Canadian Department of National Defence
aviation,airline,Canadian Department of National Defence
aviation,airline,Shared Services Canada
category,category,Environment Canada
category,category,Environment Canada
category,category,Environment Canada
category,category,Environment Canada
category,category,Environment Canada
category,category,Environment Canada
category,category,Environment Canada
category,category,Environment Canada
category,category,Environment Canada
category,category,Environment Canada
category,category,Environment Canada
category,category,Environment Canada
category,category,Environment Canada
commons,commons,Canadian Department of National Defence
company,company,Canadian Department of National Defence
company,restauraunt,Canadian Department of National Defence
company,restauraunt,Canadian Department of National Defence
company,restauraunt,Canadian Department of National Defence
company,restauraunt,Canadian Department of National Defence
company,construction company,Canadian Broadcasting Corporation
company,construction company,Canadian Broadcasting Corporation
company,construction company,Canadian Broadcasting Corporation
company,media company,Shared Services Canada
company,company,Industry Canada
company,media company,Shared Services Canada
company,retail company,Shared Services Canada
company,retail company,Shared Services Canada
company,company,Shared Services Canada
deleted,deleted,Environment Canada
deleted,deleted,Canadian Department of National Defence
deleted,deleted,Canadian Department of National Defence
deleted,deleted,Canadian Department of National Defence
deleted,deleted,Canadian Department of National Defence
deleted,deleted,Canadian Department of National Defence
deleted,deleted,Canadian Space Agency
deleted,deleted,Canadian Space Agency
deleted,deleted,Canadian Space Agency
deleted,deleted,Canadian Space Agency
deleted,deleted,Shared Services Canada
disambiguation,disambiguation,Shared Services Canada
disambiguation,disambiguation,Shared Services Canada
disambiguation,disambiguation,Shared Services Canada
disambiguation,disambiguation,Canadian Department of National Defence
disambiguation,disambiguation,Canadian Department of National Defence
disambiguation,disambiguation,Canadian Department of National Defence
disambiguation,disambiguation,Canadian Department of National Defence
disambiguation,disambiguation,Canadian Department of National Defence
disambiguation,disambiguation,Canadian Department of National Defence
disambiguation,disambiguation,Canadian Department of National Defence
draft,draft,Shared Services Canada
draft,draft,Finance Canada
draft,draft,Shared Services Canada
draft,draft,Finance Canada
draft,draft,Shared Services Canada
draft,draft,Shared Services Canada
draft,draft,Canadian House of Commons
draft,draft,Canadian Department of National Defence
draft,draft,Canadian Department of National Defence
draft,draft,Canadian Department of National Defence
education,university,Department of Justice Canada
education,high school,Shared Services Canada
education,high school,Shared Services Canada
education,school,Canadian Department of National Defence
education,school,Canadian Department of National Defence
education,university,Industry Canada
education,university,Industry Canada
education,high school,Shared Services Canada
education,high school,Shared Services Canada
education,high school,Canadian Department of National Defence
education,high school,Shared Services Canada
education,university,Shared Services Canada
education,high school,Shared Services Canada
education,high school,Shared Services Canada
education,university,Industry Canada
education,university,Shared Services Canada
education,university,Shared Services Canada
education,theory,Shared Services Canada
education,university,Shared Services Canada
education,education event,Canadian Broadcasting Corporation
education,university,Shared Services Canada
education,university,Shared Services Canada
education,university,Shared Services Canada
education,university,Shared Services Canada
education,university,Shared Services Canada
education,university,Shared Services Canada
education,university,Shared Services Canada
education,university,Shared Services Canada
education,university,Shared Services Canada
education,university,Shared Services Canada
education,university,Shared Services Canada
education,university,Shared Services Canada
education,university,Shared Services Canada
education,university,Shared Services Canada
education,university,Shared Services Canada
education,university,Shared Services Canada
education,high school,Shared Services Canada
education,high school,Canadian Department of National Defence
education,high school,Canadian Department of National Defence
education,high school,Canadian Department of National Defence
education,high school,Canadian Department of National Defence
education,high school,Shared Services Canada
education,professor,Shared Services Canada
education,professor,Shared Services Canada
education,high school,Shared Services Canada
file,file,Canadian Department of National Defence
file,file,Environment Canada
file,file,Environment Canada
file,file,Environment Canada
file,file,Environment Canada
file,file,Environment Canada
file,file,Environment Canada
file,file,Environment Canada
file,file,Environment Canada
file,file,Environment Canada
file,file,Environment Canada
file,file,Environment Canada
file,file,Environment Canada
file,file,Environment Canada
file,file,Environment Canada
file,file,Environment Canada
file,file,Environment Canada
file,file,Environment Canada
file,file,Environment Canada
file,file,Environment Canada
file,file,Environment Canada
file,file,Environment Canada
file,file,Shared Services Canada
file,file,Environment Canada
file,file,Environment Canada
file,file,Environment Canada
file,file,Environment Canada
file,file,Environment Canada
file,file,Environment Canada
file,file,Environment Canada
file,file,Environment Canada
file,file,Environment Canada
file,file,Environment Canada
file,file,Environment Canada
file,file,Environment Canada
file,file,Environment Canada
file,file,Environment Canada
file,file,Environment Canada
file,file,Environment Canada
file,file,Environment Canada
file,file,Environment Canada
file,file,Environment Canada
file,file,Environment Canada
file,file,Environment Canada
file,file,Environment Canada
file,file,Environment Canada
file,file,Environment Canada
file,file,Environment Canada
file,file,Environment Canada
file,file,Environment Canada
file,file,Environment Canada
file,file,Environment Canada
file,file,Environment Canada
file,file,Environment Canada
file,file,Environment Canada
file,file,Environment Canada
file,file,Environment Canada
file,file,Environment Canada
file,file,Environment Canada
file,file,Environment Canada
file,file,Environment Canada
file,file,Environment Canada
file,file,Environment Canada
file,file,Environment Canada
file,file,Environment Canada
file,file,Environment Canada
file,file,Environment Canada
file,file,Environment Canada
file,file,Environment Canada
file,file,Environment Canada
file,file,Environment Canada
file,file,Environment Canada
file,file,Environment Canada
file,file,Environment Canada
file,file,Environment Canada
file,file,Environment Canada
file,file,Environment Canada
file,file,Environment Canada
file,file,Environment Canada
file,file,Environment Canada
file,file,Environment Canada
file,file,Environment Canada
file,file,Environment Canada
file,file,Environment Canada
file,file,Environment Canada
file,file,Environment Canada
file,file,Environment Canada
file,file,Environment Canada
file,file,Environment Canada
file,file,Environment Canada
file,file,Environment Canada
file,file,Environment Canada
file,file,Environment Canada
file,file,Environment Canada
file,file,Environment Canada
file,file,Environment Canada
file,file,Environment Canada
file,file,Environment Canada
file,file,Environment Canada
file,file,Environment Canada
file,file,Environment Canada
file,file,Environment Canada
file,file,Environment Canada
file,file,Environment Canada
file,file,Environment Canada
file,file,Environment Canada
file,file,Environment Canada
file,file,Environment Canada
file,file,Environment Canada
file,file,Environment Canada
file,file,Environment Canada
file,file,Environment Canada
file,file,Environment Canada
file,file,Environment Canada
file,file,Environment Canada
file,file,Environment Canada
file,file,Environment Canada
file,file,Environment Canada
file,file,Environment Canada
file,file,Environment Canada
file,file,Environment Canada
file,file,Environment Canada
file,file,Environment Canada
file,file,Environment Canada
file,file,Environment Canada
file,file,Environment Canada
file,file,Environment Canada
file,file,Environment Canada
file,file,Environment Canada
file,file,Environment Canada
file,file,Environment Canada
file,file,Environment Canada
file,file,Environment Canada
file,file,Environment Canada
file,file,Environment Canada
file,file,Environment Canada
file,file,Environment Canada
file,file,Environment Canada
file,file,Environment Canada
file,file,Environment Canada
file,file,Environment Canada
file,file,Environment Canada
file,file,Environment Canada
file,file,Environment Canada
file,file,Environment Canada
file,file,Environment Canada
file,file,Environment Canada
file,file,Environment Canada
file,file,Environment Canada
file,file,Environment Canada
file,file,Environment Canada
file,file,Environment Canada
file,file,Environment Canada
file,file,Environment Canada
file,file,Environment Canada
file,file,Environment Canada
file,file,Environment Canada
file,file,Environment Canada
file,file,Environment Canada
file,file,Environment Canada
file,file,Environment Canada
file,file,Environment Canada
file,file,Environment Canada
file,file,Environment Canada
file,file,Environment Canada
file,file,Environment Canada
file,file,Environment Canada
file,file,Environment Canada
file,file,Environment Canada
file,file,Environment Canada
file,file,Environment Canada
file,file,Environment Canada
file,file,Environment Canada
file,file,Environment Canada
file,file,Environment Canada
file,file,Environment Canada
file,file,Environment Canada
file,file,Environment Canada
file,file,Environment Canada
file,file,Environment Canada
file,file,Environment Canada
file,file,Environment Canada
file,file,Environment Canada
file,file,Environment Canada
file,file,Environment Canada
file,file,Environment Canada
file,file,Environment Canada
file,file,Environment Canada
language,language,Canadian Department of National Defence
language,name,Canadian House of Commons
language,language,Shared Services Canada
language,name,Shared Services Canada
language,language,Shared Services Canada
language,language,Shared Services Canada
language,language,Shared Services Canada
language,name,Canadian Department of National Defence
language,name,Canadian Department of National Defence
language,event,Shared Services Canada
language,language,Shared Services Canada
language,language,Canadian Department of National Defence
language,language,Canadian Department of National Defence
language,language,Canadian Department of National Defence
language,language,Canadian Department of National Defence
language,language,Canadian Department of National Defence
language,language,Shared Services Canada
language,language,Shared Services Canada
language,title,Canadian Department of National Defence
language,language,Shared Services Canada
language,language,Shared Services Canada
language,language,Shared Services Canada
language,language,Shared Services Canada
language,language,Shared Services Canada
language,language,Shared Services Canada
language,language,Shared Services Canada
language,language,Shared Services Canada
language,language,Shared Services Canada
media,internet,Canadian House of Commons
media,internet,Canadian House of Commons
media,internet,Canadian House of Commons
media,radio,Department of Justice Canada
media,music,Statistics Canada
media,music,Department of Fisheries and Oceans
media,author,Canadian House of Commons
media,date,Canadian House of Commons
media,television,Government of Canada
media,television,Shared Services Canada
media,television,Government of Canada
media,television,Shared Services Canada
media,film,Shared Services Canada
media,television,Government of Canada
media,television,Shared Services Canada
media,television,Shared Services Canada
media,television,Government of Canada
media,television,Shared Services Canada
media,event,Shared Services Canada
media,actor,Shared Services Canada
media,actor,Shared Services Canada
media,actor,Shared Services Canada
media,television,Canadian Department of National Defence
media,game,Shared Services Canada
media,music,Shared Services Canada
media,rapper,Shared Services Canada
media,music,Shared Services Canada
media,music,Shared Services Canada
media,television,Canadian Department of National Defence
media,game,Shared Services Canada
media,actor,Shared Services Canada
media,music,Shared Services Canada
media,comic,Shared Services Canada
media,music,Shared Services Canada
media,television,Canadian House of Commons
media,television,Canadian House of Commons
media,game,Shared Services Canada
media,company,Shared Services Canada
media,music,Shared Services Canada
media,music,Shared Services Canada
media,editor,Shared Services Canada
media,actor,Shared Services Canada
media,actor,Shared Services Canada
media,television,Government of Canada
media,television,Shared Services Canada
media,event,Canadian Museum of Civilization
media,television,Canadian Department of National Defence
media,music,Shared Services Canada
media,music,Shared Services Canada
media,music,Shared Services Canada
media,music,Shared Services Canada
media,music,Shared Services Canada
media,music,Shared Services Canada
media,author,Statistics Canada
media,radio,Shared Services Canada
media,games,Shared Services Canada
media,television,Shared Services Canada
media,film,Shared Services Canada
media,television,Shared Services Canada
media,television,Shared Services Canada
media,singer,Shared Services Canada
media,television,Library and Archives Canada
media,music,Canadian Department of National Defence
media,television,Government of Canada
media,television,Shared Services Canada
media,book,Finance Canada
media,book,Shared Services Canada
media,television,Government of Canada
media,television,Shared Services Canada
media,television,Government of Canada
media,television,Shared Services Canada
media,television,Government of Canada
media,television,Shared Services Canada
media,television,Government of Canada
media,television,Shared Services Canada
media,television,Shared Services Canada
media,music,Shared Services Canada
media,actor,Shared Services Canada
media,music,Shared Services Canada
media,film,Finance Canada
media,film,Shared Services Canada
media,game,Shared Services Canada
media,television,Government of Canada
media,television,Shared Services Canada
media,film,Canadian House of Commons
media,actor,Shared Services Canada
media,actor,Shared Services Canada
media,media,Shared Services Canada
media,film,Industry Canada
media,actor,Shared Services Canada
media,model,Shared Services Canada
media,game,Shared Services Canada
media,game,Shared Services Canada
media,music,Government of Canada
media,music,Shared Services Canada
media,music,Shared Services Canada
media,game,Shared Services Canada
media,television,Government of Canada
media,television,Shared Services Canada
media,television,Government of Canada
media,television,Shared Services Canada
media,television,Government of Canada
media,television,Shared Services Canada
media,television,Government of Canada
media,television,Shared Services Canada
media,film,Shared Services Canada
media,film,Transport Canada
media,event,Canadian House of Commons
media,television,Canadian Broadcasting Corporation
media,artist,Shared Services Canada
media,music,Shared Services Canada
media,music,Natural Resources Canada
media,game,Shared Services Canada
media,game,Shared Services Canada
media,game,Shared Services Canada
media,music,Natural Resources Canada
media,music,Canadian Department of National Defence
media,music,Canadian Department of National Defence
media,editor,Department of Justice Canada
media,film,Industry Canada
media,television,Canadian Broadcasting Corporation
media,music,Canadian Broadcasting Corporation
media,film,Industry Canada
media,game,Shared Services Canada
media,music,Environment Canada
media,music,Shared Services Canada
media,music,Transport Canada
media,music,Canadian Broadcasting Corporation
media,music,Canadian Broadcasting Corporation
media,music,Canadian Broadcasting Corporation
media,music,Canadian Broadcasting Corporation
media,music,Canadian Broadcasting Corporation
media,game,Shared Services Canada
media,game,Shared Services Canada
media,game,Shared Services Canada
media,producer,Natural Resources Canada
media,television,Shared Services Canada
media,television,Finance Canada
media,television,Finance Canada
media,television,Shared Services Canada
media,television,Finance Canada
media,television,Shared Services Canada
media,television,Shared Services Canada
media,television,Finance Canada
media,music,Canadian Broadcasting Corporation
media,rapper,Canadian Museum of Civilization
media,comic,Shared Services Canada
media,music,Shared Services Canada
media,music,Shared Services Canada
media,author,Finance Canada
media,author,Shared Services Canada
media,comedy,Shared Services Canada
media,television,Government of Canada
media,television,Shared Services Canada
media,television,Government of Canada
media,television,Shared Services Canada
media,film,Government of Canada
media,film,Shared Services Canada
media,singer,Shared Services Canada
media,television,Government of Canada
media,television,Shared Services Canada
media,television,Government of Canada
media,television,Shared Services Canada
media,television,Government of Canada
media,television,Shared Services Canada
media,television,Government of Canada
media,television,Shared Services Canada
media,television,Government of Canada
media,television,Shared Services Canada
media,television,Government of Canada
media,television,Shared Services Canada
media,television,Government of Canada
media,television,Shared Services Canada
media,television,Government of Canada
media,television,Shared Services Canada
media,radio,Canadian Broadcasting Corporation
media,television,Natural Resources Canada
media,radio,Canadian Broadcasting Corporation
media,music,Natural Resources Canada
media,game,Shared Services Canada
media,game,Shared Services Canada
media,game,Shared Services Canada
media,game,Shared Services Canada
media,game,Shared Services Canada
media,comedy,Shared Services Canada
media,murderer,Shared Services Canada
media,game,Shared Services Canada
media,music,Shared Services Canada
media,television,Canadian Department of National Defence
media,music,Industry Canada
media,game,Canadian Department of National Defence
media,music,Department of Fisheries and Oceans
media,music,Shared Services Canada
media,television,Government of Canada
media,television,Shared Services Canada
media,television,Government of Canada
media,television,Shared Services Canada
media,television,Government of Canada
media,television,Shared Services Canada
media,television,Government of Canada
media,television,Shared Services Canada
media,television,Government of Canada
media,television,Shared Services Canada
media,media,Shared Services Canada
media,language,Shared Services Canada
media,singer,Canadian Broadcasting Corporation
media,television,Canadian Department of National Defence
media,music,Shared Services Canada
media,music,Shared Services Canada
media,music,Shared Services Canada
media,film,Canadian Department of National Defence
media,film,Canadian Department of National Defence
media,film,Canadian Department of National Defence
media,film,Canadian Department of National Defence
media,music,Shared Services Canada
media,games,Canadian Department of National Defence
media,music,Shared Services Canada
media,music,Shared Services Canada
media,game,Canadian Department of National Defence
media,music,Shared Services Canada
media,music,Shared Services Canada
media,music,Government of Canada
media,music,Shared Services Canada
media,music,Finance Canada
media,television,Shared Services Canada
media,event,Shared Services Canada
media,musician,Canadian Department of National Defence
media,author,Shared Services Canada
media,author,Shared Services Canada
media,actor,Canadian Department of National Defence
media,television,Canadian Broadcasting Corporation
media,art,Canadian Museum of Civilization
media,comedy,Canadian Broadcasting Corporation
media,music,Department of Justice Canada
media,game,Canadian Department of National Defence
media,game,Shared Services Canada
media,radio,Environment Canada
media,radio,Environment Canada
media,film,Government of Canada
media,film,Shared Services Canada
media,television,Shared Services Canada
media,television,Government of Canada
media,television,Government of Canada
media,television,Shared Services Canada
media,television,Government of Canada
media,television,Shared Services Canada
media,music,Canadian Broadcasting Corporation
media,event,Canadian Department of National Defence
media,event,Canadian Department of National Defence
media,event,Canadian Department of National Defence
media,film,Government of Canada
media,film,Shared Services Canada
media,film,Government of Canada
media,film,Shared Services Canada
media,film,Government of Canada
media,film,Shared Services Canada
media,painting,Industry Canada
media,games,Shared Services Canada
media,internet,Industry Canada
media,actor,Shared Services Canada
media,television,Shared Services Canada
media,television,Shared Services Canada
media,television,Shared Services Canada
media,film,Shared Services Canada
media,actor,Canadian House of Commons
media,television,Shared Services Canada
media,television,Finance Canada
media,game,Shared Services Canada
media,game,Shared Services Canada
media,game,Shared Services Canada
media,game,Shared Services Canada
media,game,Shared Services Canada
media,radio,Shared Services Canada
media,television,Government of Canada
media,television,Shared Services Canada
media,television,Government of Canada
media,television,Shared Services Canada
media,television,Government of Canada
media,television,Shared Services Canada
media,television,Government of Canada
media,television,Shared Services Canada
media,television,Government of Canada
media,television,Shared Services Canada
media,television,Shared Services Canada
media,television,Government of Canada
media,television,Government of Canada
media,television,Shared Services Canada
media,event,Environment Canada
media,event,Environment Canada
media,radio,Canadian Broadcasting Corporation
media,television,Shared Services Canada
media,book,Industry Canada
media,television,Canadian Broadcasting Corporation
media,television,Canadian Broadcasting Corporation
media,television,Canadian Broadcasting Corporation
media,television,Canadian Department of National Defence
media,television,Canadian Department of National Defence
media,game,Shared Services Canada
media,game,Shared Services Canada
media,game,Shared Services Canada
media,game,Shared Services Canada
media,music,Environment Canada
media,actor,Canadian Broadcasting Corporation
media,film,Shared Services Canada
media,television,Department of Justice Canada
media,film,Canadian Department of National Defence
media,music,Department of Justice Canada
media,film,Government of Canada
media,film,Shared Services Canada
media,media place,Shared Services Canada
media,music,Canadian Department of National Defence
media,music,Canadian Department of National Defence
media,music,Canadian Department of National Defence
media,music,Canadian Department of National Defence
media,television,Environment Canada
media,poetry,Shared Services Canada
media,author,Shared Services Canada
media,cartoon,Canadian Department of National Defence
media,television,Shared Services Canada
media,television,Shared Services Canada
media,television,Transport Canada
media,music,Shared Services Canada
media,television,Canadian House of Commons
media,film,Shared Services Canada
media,film,Shared Services Canada
media,film,Shared Services Canada
media,film,Shared Services Canada
media,film,Shared Services Canada
media,play,Canadian Department of National Defence
media,comedy,Canadian Department of National Defence
media,comedy,Canadian Department of National Defence
media,comedy,Canadian Department of National Defence
media,play,Canadian Department of National Defence
media,author,Department of Fisheries and Oceans
media,author,Shared Services Canada
media,television,Shared Services Canada
media,television,Government of Canada
media,singer,Shared Services Canada
media,music,Shared Services Canada
media,music,Shared Services Canada
media,music,Shared Services Canada
media,music,Shared Services Canada
media,music,Shared Services Canada
media,music,Shared Services Canada
media,television,Shared Services Canada
media,television,Canadian Department of National Defence
media,music,Shared Services Canada
media,music,Transport Canada
media,comic,Shared Services Canada
media,music,Canadian Broadcasting Corporation
media,radio,Natural Resources Canada
media,manga,Environment Canada
media,manga,Environment Canada
media,game,Environment Canada
media,film,Environment Canada
media,music,Shared Services Canada
media,author,Shared Services Canada
media,book,Canadian House of Commons
media,television,Shared Services Canada
media,radio,Canadian Broadcasting Corporation
media,radio,Canadian Broadcasting Corporation
media,painting,Canadian Department of National Defence
media,dancer,Shared Services Canada
media,business,Shared Services Canada
media,business,Shared Services Canada
media,book,Industry Canada
media,television,Shared Services Canada
media,television,Transport Canada
media,television,Shared Services Canada
media,television,Transport Canada
media,music,Shared Services Canada
media,poetry,Shared Services Canada
military,military unit,Canadian Department of National Defence
military,military unit,Canadian Department of National Defence
military,military unit,Canadian Department of National Defence
military,military unit,Canadian Department of National Defence
military,military unit,Canadian Department of National Defence
military,military unit,Canadian Department of National Defence
military,military place,Canadian House of Commons
military,military equipment,Canadian Department of National Defence
military,military unit,Canadian Department of National Defence
military,military unit,Canadian Department of National Defence
military,military unit,Canadian Department of National Defence
military,military unit,Canadian Department of National Defence
military,military unit,Canadian Department of National Defence
military,military unit,Canadian Department of National Defence
military,military unit,Canadian Department of National Defence
military,military unit,Canadian Department of National Defence
military,military unit,Canadian Department of National Defence
military,military battle,Natural Resources Canada
military,military battle,Natural Resources Canada
military,military place,Canadian Department of National Defence
military,military unit,Canadian Department of National Defence
military,military unit,Canadian Department of National Defence
military,military unit,Canadian Department of National Defence
military,military unit,Canadian Department of National Defence
military,military unit,Canadian Department of National Defence
military,military unit,Canadian Department of National Defence
military,military unit,Canadian Department of National Defence
military,military unit,Canadian Department of National Defence
military,military event,Shared Services Canada
military,military unit,Shared Services Canada
military,military battle,Shared Services Canada
military,military battle,Shared Services Canada
military,military unit,Canadian Department of National Defence
military,military equipment,Canadian Department of National Defence
military,military event,Canadian Department of National Defence
military,military equipment,Canadian Department of National Defence
military,military equipment,Canadian Department of National Defence
military,pilot,Canadian Department of National Defence
military,pilot,Canadian Department of National Defence
military,military unit,Canadian Department of National Defence
military,military equipment,Environment Canada
military,military place,Library and Archives Canada
military,military event,Canadian Department of National Defence
military,military unit,Canadian Department of National Defence
military,military unit,Canadian Department of National Defence
military,military unit,Canadian House of Commons
military,military unit,Canadian Department of National Defence
military,military battle,Shared Services Canada
military,military battle,Shared Services Canada
military,military unit,Canadian Department of National Defence
military,military rank,Canadian Department of National Defence
military,military rank,Canadian Department of National Defence
military,military rank,Canadian Department of National Defence
military,military unit,Canadian Department of National Defence
military,military equipment,Canadian Department of National Defence
military,military battle,Shared Services Canada
military,military equipment,Shared Services Canada
military,military equipment,Shared Services Canada
military,military place,Canadian Department of National Defence
military,military equipment,Shared Services Canada
military,military equipment,Shared Services Canada
military,military unit,Canadian Department of National Defence
military,soldier,Shared Services Canada
military,military unit,Canadian Space Agency
military,military unit,Canadian Space Agency
military,military equipment,Canadian Department of National Defence
military,military equipment,Canadian Department of National Defence
military,military unit,Shared Services Canada
military,military unit,Shared Services Canada
military,military unit,Canadian Department of National Defence
military,military battle,Canadian Department of National Defence
military,soldier,Library and Archives Canada
military,soldier,Canadian Department of National Defence
military,soldier,Canadian Department of National Defence
military,military unit,Canadian Department of National Defence
military,military event,Canadian Department of National Defence
military,military unit,Canadian Department of National Defence
military,military rank,Canadian Department of National Defence
military,military unit,Finance Canada
military,military unit,Shared Services Canada
military,military unit,Canadian Department of National Defence
military,military unit,Canadian Department of National Defence
military,soldier,Canadian Department of National Defence
military,military unit,Shared Services Canada
military,military unit,Canadian Department of National Defence
military,military unit,Canadian Department of National Defence
military,military unit,Canadian Department of National Defence
military,military unit,Canadian Department of National Defence
military,military unit,Canadian Department of National Defence
military,military unit,Canadian Department of National Defence
military,soldier,Shared Services Canada
military,military battle,Shared Services Canada
military,military ranks,Canadian Department of National Defence
military,military ranks,Canadian Department of National Defence
military,military unit,Canadian Department of National Defence
military,military unit,Canadian Department of National Defence
military,military ranks,Shared Services Canada
military,military unit,Canadian Department of National Defence
military,soldier,Canadian Department of National Defence
military,military equipment,Canadian Department of National Defence
military,military equipment,Canadian Department of National Defence
military,military unit,Canadian Department of National Defence
military,military unit,Canadian Department of National Defence
military,military unit,Canadian Department of National Defence
military,military unit,Canadian Department of National Defence
military,military unit,Canadian Department of National Defence
military,military unit,Canadian Department of National Defence
military,military unit,Canadian Department of National Defence
military,military rank,Canadian Department of National Defence
military,military place,Canadian Department of National Defence
military,military unit,Canadian Department of National Defence
military,military unit,Canadian Department of National Defence
military,military unit,Canadian Department of National Defence
military,military unit,Canadian Department of National Defence
military,rank/appointment,Canadian Department of National Defence
military,military unit,Shared Services Canada
military,military unit,Canadian Department of National Defence
military,military unit,Canadian Department of National Defence
military,soldier,Shared Services Canada
military,military unit,Canadian Department of National Defence
military,military unit,Canadian Department of National Defence
military,military equipment,Canadian Department of National Defence
military,soldier,Department of Justice Canada
military,soldier,Department of Justice Canada
military,military unit,Canadian Department of National Defence
military,military unit,Canadian Department of National Defence
military,military place,Canadian Department of National Defence
military,military unit,Canadian House of Commons
military,military unit,Canadian House of Commons
military,military unit,Canadian House of Commons
military,soldier,Canadian Department of National Defence
military,soldier,Canadian Department of National Defence
military,military unit,Canadian Department of National Defence
military,military unit,Canadian Department of National Defence
military,military unit,Canadian Department of National Defence
military,military unit,Canadian Department of National Defence
military,military unit,Canadian Department of National Defence
military,military unit,Canadian Department of National Defence
military,military place,Canadian Department of National Defence
military,military place,Canadian Department of National Defence
military,military place,Canadian Department of National Defence
military,military unit,Canadian Department of National Defence
military,military rank,Canadian Department of National Defence
military,military rank,Canadian Department of National Defence
military,military rank,Canadian Department of National Defence
military,military rank,Canadian Department of National Defence
military,military unit,Canadian Department of National Defence
military,military unit,Canadian Department of National Defence
military,soldier,Shared Services Canada
military,military event,Canadian Department of National Defence
military,military event,Canadian Department of National Defence
military,military equipment,Canadian Department of National Defence
military,military equipment,Canadian Department of National Defence
military,military equipment,Canadian Department of National Defence
military,military equipment,Canadian Department of National Defence
military,military equipment,Canadian Department of National Defence
military,military equipment,Canadian Department of National Defence
military,military event,Canadian Department of National Defence
military,military rank,Canadian Department of National Defence
military,military unit,Canadian Department of National Defence
military,soldier,Shared Services Canada
military,military unit,Shared Services Canada
military,military equipment,Canadian Department of National Defence
military,military place,Canadian Department of National Defence
military,military unit,Canadian Department of National Defence
military,soldier,Shared Services Canada
military,military unit,Canadian Department of National Defence
military,military equipment,Canadian Department of National Defence
military,military event,Canadian Department of National Defence
military,military event,Canadian Department of National Defence
military,soldier,Library and Archives Canada
military,soldier,Library and Archives Canada
military,military equipment,Canadian Department of National Defence
military,military unit,Canadian Department of National Defence
military,military unit,Canadian Department of National Defence
military,military unit,Canadian Department of National Defence
military,military unit,Canadian Department of National Defence
military,military unit,Canadian Department of National Defence
military,military unit,Canadian Department of National Defence
military,military unit,Canadian Department of National Defence
military,soldier,Canadian Department of National Defence
military,military event,Shared Services Canada
military,military unit,Canadian Department of National Defence
military,military equipment,Canadian Department of National Defence
military,military unit,Canadian Department of National Defence
military,military unit,Canadian Department of National Defence
military,military unit,Canadian Department of National Defence
military,military unit,Canadian Department of National Defence
military,military unit,Canadian Department of National Defence
military,military unit,Canadian Department of National Defence
military,military unit,Canadian Department of National Defence
military,military unit,Shared Services Canada
military,military place,Canadian Department of National Defence
military,military equipment,Shared Services Canada
military,military equipment,Shared Services Canada
military,military unit,Canadian Department of National Defence
military,military event,Canadian Department of National Defence
military,military unit,Canadian Department of National Defence
military,military event,Canadian Department of National Defence
military,military place,Shared Services Canada
military,military unit,Department of Justice Canada
military,military event,Shared Services Canada
military,military equipment,Canadian Department of National Defence
military,military unit,Canadian Department of National Defence
military,military unit,Canadian Department of National Defence
military,military unit,Canadian Department of National Defence
military,military unit,Canadian Department of National Defence
military,military unit,Canadian Department of National Defence
military,military unit,Canadian Department of National Defence
military,soldier,Canadian Department of National Defence
military,military unit,Canadian Department of National Defence
military,military unit,Canadian Department of National Defence
military,military unit,Canadian Department of National Defence
military,military unit,Canadian Department of National Defence
military,military unit,Canadian Department of National Defence
military,military unit,Canadian Department of National Defence
military,military unit,Canadian Department of National Defence
military,military unit,Canadian Department of National Defence
military,military unit,Canadian Department of National Defence
military,military unit,Canadian Department of National Defence
military,military unit,Canadian Department of National Defence
military,military unit,Canadian Department of National Defence
military,military unit,Canadian Department of National Defence
military,military unit,Canadian Department of National Defence
military,military unit,Canadian Department of National Defence
military,military unit,Canadian Department of National Defence
military,military unit,Canadian Department of National Defence
military,military unit,Canadian Department of National Defence
military,military unit,Canadian Department of National Defence
military,military unit,Canadian Department of National Defence
military,military unit,Canadian Department of National Defence
military,military unit,Canadian Department of National Defence
military,military unit,Canadian Department of National Defence
military,military unit,Canadian Department of National Defence
military,military unit,Canadian Department of National Defence
military,military unit,Canadian Department of National Defence
military,military unit,Canadian Department of National Defence
military,military unit,Canadian Department of National Defence
military,military unit,Canadian Department of National Defence
military,military unit,Canadian Department of National Defence
military,military unit,Canadian Department of National Defence
military,military equipment,Canadian Department of National Defence
military,military equipment,Canadian Department of National Defence
military,military equipment,Canadian Department of National Defence
military,military equipment,Canadian Department of National Defence
military,military equipment,Canadian Department of National Defence
military,military equipment,Canadian Department of National Defence
military,military equipment,Canadian Department of National Defence
military,military equipment,Canadian Department of National Defence
military,military equipment,Canadian Department of National Defence
military,military unit,Canadian Department of National Defence
military,military unit,Canadian Department of National Defence
military,military unit,Canadian Department of National Defence
military,military unit,Canadian Department of National Defence
military,military unit,Canadian Department of National Defence
military,military unit,Canadian Department of National Defence
military,military unit,Canadian Department of National Defence
military,military unit,Canadian Department of National Defence
military,military unit,Canadian Department of National Defence
military,military unit,Canadian Department of National Defence
military,military unit,Canadian Department of National Defence
military,military unit,Canadian Department of National Defence
military,military unit,Canadian Department of National Defence
military,military unit,Canadian Department of National Defence
military,military unit,Canadian Department of National Defence
military,military equipment,Canadian Department of National Defence
military,military equipment,Canadian Department of National Defence
military,military equipment,Canadian Department of National Defence
military,military equipment,Canadian Department of National Defence
military,military equipment,Canadian Department of National Defence
military,military unit,Canadian Department of National Defence
military,military unit,Canadian Department of National Defence
military,military unit,Canadian Department of National Defence
military,military unit,Canadian Department of National Defence
military,military unit,Canadian Department of National Defence
military,military unit,Canadian Department of National Defence
military,military equipment,Canadian Department of National Defence
military,military unit,Canadian Department of National Defence
military,military unit,Canadian Department of National Defence
military,military equipment,Canadian Department of National Defence
military,military equipment,Canadian Department of National Defence
military,military equipment,Canadian Department of National Defence
military,military equipment,Canadian Department of National Defence
military,military unit,Shared Services Canada
military,military unit,Shared Services Canada
military,military equipment,Canadian Department of National Defence
military,military equipment,Canadian Department of National Defence
military,military equipment,Canadian Department of National Defence
military,military unit,Canadian Department of National Defence
military,military unit,Canadian Department of National Defence
military,military unit,Canadian Department of National Defence
military,military equipment,Canadian Department of National Defence
military,military equipment,Industry Canada
military,military unit,Shared Services Canada
military,military unit,Shared Services Canada
military,military place,Shared Services Canada
military,military place,Shared Services Canada
military,military place,Shared Services Canada
military,military unit,Shared Services Canada
military,military unit,Shared Services Canada
military,military unit,Shared Services Canada
military,military unit,Shared Services Canada
military,military unit,Shared Services Canada
military,military unit,Shared Services Canada
military,military unit,Shared Services Canada
military,military unit,Shared Services Canada
military,military unit,Shared Services Canada
people,irish people,Shared Services Canada
people,canadian people,Industry Canada
people,punjabi people,Shared Services Canada
people,semite people,Canadian Department of National Defence
people,canadian people,Canadian Department of National Defence
place,europe,Canadian House of Commons
place,europe,Canadian House of Commons
place,quebec canada,Canadian Department of National Defence
place,quebec canada,Canadian Department of National Defence
place,ontario canada,Canadian House of Commons
place,alberta canada,Natural Resources Canada
place,ontario canada,Natural Resources Canada
place,nova scotia canada,Department of Fisheries and Oceans
place,nova scotia canada,Shared Services Canada
place,nova scotia canada,Department of Fisheries and Oceans
place,nova scotia canada,Shared Services Canada
place,ontario canada,Shared Services Canada
place,ontario canada,Industry Canada
place,geographic term,Industry Canada
place,ontario canada,Canadian House of Commons
place,north america,Shared Services Canada
place,ontario canada,Natural Resources Canada
place,ontario canada,Natural Resources Canada
place,ontario canada,Shared Services Canada
place,ontario canada,Natural Resources Canada
place,ontario canada,Natural Resources Canada
place,ontario canada,Canadian House of Commons
place,ontario canada,Natural Resources Canada
place,america,Department of Justice Canada
place,america,Department of Justice Canada
place,quebec canada,Shared Services Canada
place,quebec canada,Shared Services Canada
place,quebec canada,Shared Services Canada
place,nunavut canada,Natural Resources Canada
place,british colombia canada,Natural Resources Canada
place,transport,Shared Services Canada
place,quebec canada,Shared Services Canada
place,africa,Shared Services Canada
place,ontario canada,Canadian Department of National Defence
place,ontario canada,Canadian Department of National Defence
place,asia,Environment Canada
place,caribbean,Natural Resources Canada
place,ontario canada,Natural Resources Canada
place,ontario canada,Natural Resources Canada
place,geography,Shared Services Canada
place,ontario canada,Natural Resources Canada
place,geography,Shared Services Canada
place,geography,Shared Services Canada
place,ontario canada,Shared Services Canada
place,ontario canada,Shared Services Canada
place,nunavut canada,Environment Canada
place,new brunswick canada,Canadian Department of National Defence
place,british colombia canada,Shared Services Canada
place,africa,Shared Services Canada
place,africa,Shared Services Canada
place,africa,Shared Services Canada
place,nunavut canada,Environment Canada
place,north america,Shared Services Canada
place,ontario canada,Natural Resources Canada
place,ontario canada,Canadian Department of National Defence
place,nova scotia canada,Canadian Department of National Defence
place,geographic term,Shared Services Canada
place,ontario canada,Shared Services Canada
place,middle east,Shared Services Canada
place,manitoba canada,Shared Services Canada
place,quebec canada,Shared Services Canada
place,ontario canada,Natural Resources Canada
place,ontario canada,Natural Resources Canada
place,ontario canada,Shared Services Canada
place,ontario canada,Shared Services Canada
place,ontario canada,Shared Services Canada
place,europe,Shared Services Canada
place,america,Industry Canada
place,america,Industry Canada
place,ontario canada,Library and Archives Canada
place,ontario canada,Library and Archives Canada
place,ontario canada,Library and Archives Canada
place,asia,Shared Services Canada
place,ontario canada,Shared Services Canada
place,ontario canada,Canadian House of Commons
place,ontario canada,Canadian House of Commons
place,ontario canada,Natural Resources Canada
place,ontario canada,Environment Canada
place,ontario canada,Environment Canada
place,ontario canada,Natural Resources Canada
place,ontario canada,Shared Services Canada
place,ontario canada,Department of Fisheries and Oceans
place,nova scotia canada,Canadian Department of National Defence
place,ontario canada,Shared Services Canada
place,ontario canada,Natural Resources Canada
place,ontario canada,Natural Resources Canada
place,ontario canada,Natural Resources Canada
place,ontario canada,Natural Resources Canada
place,ontario canada,Natural Resources Canada
place,ontario canada,Natural Resources Canada
place,ontario canada,Natural Resources Canada
place,ontario canada,Natural Resources Canada
place,new brunswick canada,Shared Services Canada
place,new brunswick canada,Shared Services Canada
place,quebec canada,Shared Services Canada
place,europe,Shared Services Canada
place,ontario canada,Canadian Department of National Defence
place,quebec canada,Canadian Broadcasting Corporation
place,ontario canada,Shared Services Canada
place,nova scotia canada,Canadian Department of National Defence
place,ontario canada,Natural Resources Canada
place,ontario canada,Natural Resources Canada
place,ontario canada,Canadian Department of National Defence
place,america,Shared Services Canada
place,ontario canada,Natural Resources Canada
place,ontario canada,Natural Resources Canada
place,ontario canada,Natural Resources Canada
place,ontario canada,Natural Resources Canada
place,ontario canada,Environment Canada
place,ontario canada,Natural Resources Canada
place,ontario canada,Natural Resources Canada
place,ontario canada,Natural Resources Canada
place,quebec canada,Department of Fisheries and Oceans
place,quebec canada,Shared Services Canada
place,geographic term,Shared Services Canada
place,middle east,Canadian Department of National Defence
place,ontario canada,Shared Services Canada
place,ontario canada,Environment Canada
place,british colombia canada,Shared Services Canada
place,british colombia canada,Shared Services Canada
place,british colombia canada,Shared Services Canada
place,british colombia canada,Shared Services Canada
place,british colombia canada,Shared Services Canada
place,british colombia canada,Shared Services Canada
place,british colombia canada,Shared Services Canada
place,british colombia canada,Shared Services Canada
place,manitoba canada,Canadian House of Commons
place,quebec canada,Shared Services Canada
place,quebec canada,Shared Services Canada
place,quebec canada,Shared Services Canada
place,new brunswick canada,Natural Resources Canada
place,quebec canada,Canadian House of Commons
place,quebec canada,Canadian House of Commons
place,ontario canada,Natural Resources Canada
place,alberta canada,Environment Canada
place,ontario canada,Natural Resources Canada
place,asia,Canadian Department of National Defence
place,asia,Canadian Department of National Defence
place,asia,Canadian Department of National Defence
place,caribbean,Shared Services Canada
place,ontario canada,Industry Canada
place,ontario canada,Industry Canada
place,ontario canada,Shared Services Canada
place,geography,Canadian Department of National Defence
place,geography,Canadian Department of National Defence
place,america,Canadian Department of National Defence
place,america,Canadian Department of National Defence
place,ontario canada,Statistics Canada
place,ontario canada,Industry Canada
place,ontario canada,Industry Canada
place,ontario canada,Finance Canada
place,ontario canada,Shared Services Canada
place,quebec canada,Canadian Department of National Defence
place,ontario canada,Natural Resources Canada
place,nova scotia canada,Finance Canada
place,nova scotia canada,Shared Services Canada
place,africa,Shared Services Canada
place,nova scotia canada,Department of Fisheries and Oceans
place,nova scotia canada,Shared Services Canada
place,nova scotia canada,Department of Fisheries and Oceans
place,nova scotia canada,Shared Services Canada
place,nova scotia canada,Department of Fisheries and Oceans
place,nova scotia canada,Shared Services Canada
place,nova scotia canada,Department of Fisheries and Oceans
place,nova scotia canada,Shared Services Canada
place,ontario canada,Canadian Department of National Defence
place,ontario canada,Shared Services Canada
place,north america,Canadian Department of National Defence
place,ontario canada,Shared Services Canada
place,quebec canada,Canadian House of Commons
place,nova scotia canada,Shared Services Canada
place,nova scotia canada,Department of Fisheries and Oceans
place,ontario canada,Shared Services Canada
place,ontario canada,Shared Services Canada
place,america,Department of Justice Canada
place,america,Department of Justice Canada
place,america,Shared Services Canada
place,europe,Environment Canada
place,mountain,Environment Canada
place,america,Environment Canada
place,quebec canada,Canadian Department of National Defence
place,quebec canada,Canadian Department of National Defence
place,british colombia canada,Canadian Department of National Defence
place,british colombia canada,Canadian Department of National Defence
place,quebec canada,Canadian Department of National Defence
place,quebec canada,Canadian Department of National Defence
place,quebec canada,Canadian Department of National Defence
place,quebec canada,Canadian Department of National Defence
place,quebec canada,Canadian Department of National Defence
place,quebec canada,Canadian Department of National Defence
place,quebec canada,Canadian Department of National Defence
place,quebec canada,Canadian Department of National Defence
place,quebec canada,Canadian Department of National Defence
place,quebec canada,Canadian Department of National Defence
place,quebec canada,Shared Services Canada
places,ontario canada,Canadian House of Commons
police,police,Canadian Department of National Defence
police,police,Shared Services Canada
police,police,Canadian Department of National Defence
police,prison,Shared Services Canada
police,prison,Shared Services Canada
police,police,Shared Services Canada
police,police,Shared Services Canada
police,police,Shared Services Canada
police,police,Shared Services Canada
police,police,Shared Services Canada
police,police,Shared Services Canada
police,police,Shared Services Canada
police,police,Shared Services Canada
police,police,Shared Services Canada
police,police,Shared Services Canada
police,police,Canadian Department of National Defence
police,firearms,Shared Services Canada
police,firearms,Transport Canada
police,crime,Shared Services Canada
police,police,Shared Services Canada
police,police,Environment Canada
police,police,Environment Canada
police,police,Environment Canada
police,police,Environment Canada
police,police,Environment Canada
politics,politician,Canadian Department of National Defence
politics,politician,Canadian House of Commons
politics,politician,Canadian House of Commons
politics,politician,Canadian House of Commons
politics,politician,Canadian House of Commons
politics,politician,Canadian House of Commons
politics,politician,Canadian House of Commons
politics,politician,Canadian House of Commons
politics,politician,Canadian House of Commons
politics,politics event,Canadian Department of National Defence
politics,politician,Library and Archives Canada
politics,politics event,Canadian House of Commons
politics,politics event,Canadian House of Commons
politics,politician,Canadian House of Commons
politics,politician,Canadian House of Commons
politics,politician,Canadian House of Commons
politics,department,Canadian House of Commons
politics,politician,Canadian House of Commons
politics,politician,Canadian House of Commons
politics,politician,Canadian House of Commons
politics,poltical event,Industry Canada
politics,organisation,Shared Services Canada
politics,organisation,Shared Services Canada
politics,organisation,Shared Services Canada
politics,organisation,Shared Services Canada
politics,organisation,Shared Services Canada
politics,organisation,Shared Services Canada
politics,politician,Canadian House of Commons
politics,politician,Canadian House of Commons
politics,politics event,Canadian Department of National Defence
politics,law,Shared Services Canada
politics,political event,Shared Services Canada
politics,politician,Library and Archives Canada
politics,politician,Canadian House of Commons
politics,politician,Shared Services Canada
politics,politician,Canadian House of Commons
politics,political event,Shared Services Canada
politics,politician,Canadian Department of National Defence
politics,politician,Shared Services Canada
politics,politician,Canadian House of Commons
politics,politician,Canadian House of Commons
politics,political event,Canadian House of Commons
politics,royalty,Canadian House of Commons
politics,politics event,Canadian House of Commons
politics,law,Canadian Department of National Defence
politics,politics event,Canadian Department of National Defence
politics,politics event,Canadian Department of National Defence
politics,department,Shared Services Canada
politics,politician,Shared Services Canada
politics,politician,Shared Services Canada
politics,department,Environment Canada
politics,politician,Canadian House of Commons
politics,politician,Correctional Services Canada
politics,law,Canadian House of Commons
politics,politician,Canadian House of Commons
politics,politician,Canadian House of Commons
politics,politician,Canadian House of Commons
politics,politician,Canadian House of Commons
politics,political event,Shared Services Canada
politics,politician,Canadian House of Commons
politics,politician,Canadian House of Commons
politics,department,Shared Services Canada
politics,politician,Canadian House of Commons
politics,politician,Canadian House of Commons
politics,department,Shared Services Canada
politics,politician,Canadian House of Commons
politics,law,Statistics Canada
politics,law,Statistics Canada
politics,law,Statistics Canada
politics,law,Statistics Canada
politics,law,Canadian Department of National Defence
politics,law,Canadian Department of National Defence
politics,politician,Shared Services Canada
politics,government,Shared Services Canada
politics,politics event,Canadian Department of National Defence
politics,politics event,Canadian Department of National Defence
politics,politician,Canadian House of Commons
politics,politician,Canadian House of Commons
politics,person,Library and Archives Canada
politics,department,Shared Services Canada
politics,department,Shared Services Canada
politics,department,Shared Services Canada
politics,department,Shared Services Canada
politics,department,Shared Services Canada
politics,politics event,Shared Services Canada
politics,politician,Canadian House of Commons
politics,law,Shared Services Canada
politics,law,Transport Canada
politics,politician,Environment Canada
politics,poltical event,Shared Services Canada
politics,organisation,Environment Canada
politics,organisation,Environment Canada
politics,politician,Canadian Department of National Defence
politics,organisation,Shared Services Canada
politics,politician,Shared Services Canada
politics,politician,Canadian House of Commons
politics,politician,Canadian House of Commons
politics,music,Industry Canada
politics,politician,Canadian House of Commons
politics,politician,Canadian House of Commons
politics,politician,Canadian House of Commons
politics,politician,Canadian House of Commons
politics,politician,Canadian House of Commons
politics,politician,Canadian House of Commons
politics,politics event,Canadian Department of National Defence
politics,organisation,Shared Services Canada
politics,department,Environment Canada
politics,royalty,Canadian Department of National Defence
politics,politician,Canadian House of Commons
politics,organisation,Department of Fisheries and Oceans
politics,organisation,Shared Services Canada
politics,organisation,Shared Services Canada
politics,organisation,Library and Archives Canada
politics,people,Shared Services Canada
politics,law,Canadian Department of National Defence
politics,banking,Department of Justice Canada
politics,political history,Canadian Broadcasting Corporation
politics,political history,Canadian Broadcasting Corporation
politics,political history,Canadian Broadcasting Corporation
politics,political history,Canadian Broadcasting Corporation
politics,politician,Canadian House of Commons
politics,politician,Canadian House of Commons
politics,politician,Shared Services Canada
politics,politics event,Shared Services Canada
politics,politics event,Shared Services Canada
politics,politics event,Shared Services Canada
politics,politics event,Shared Services Canada
politics,politics event,Shared Services Canada
politics,politician,Industry Canada
politics,royalty,Library and Archives Canada
politics,politician,Canadian House of Commons
politics,politician,Canadian House of Commons
politics,politician,Canadian House of Commons
politics,politician,Canadian House of Commons
politics,law,Shared Services Canada
politics,law,Department of Fisheries and Oceans
politics,law,Shared Services Canada
politics,law,Department of Fisheries and Oceans
politics,law,Shared Services Canada
politics,politician,Industry Canada
politics,politician,Canadian House of Commons
politics,department,Shared Services Canada
politics,politician,Canadian House of Commons
politics,organisation,Shared Services Canada
politics,organisation,Shared Services Canada
politics,department,Environment Canada
politics,people,Shared Services Canada
politics,royalty,Shared Services Canada
politics,politician,Canadian House of Commons
politics,politician,Canadian House of Commons
politics,politician,Canadian House of Commons
politics,organisation,Shared Services Canada
politics,politician,Canadian House of Commons
politics,politics event,Shared Services Canada
politics,politician,Shared Services Canada
politics,law,Shared Services Canada
politics,politician,Canadian House of Commons
politics,poltical event,Canadian House of Commons
politics,political event,Canadian House of Commons
politics,politician,Shared Services Canada
politics,politics event,Shared Services Canada
politics,political party,Canadian House of Commons
politics,politician,Shared Services Canada
politics,politician,Canadian House of Commons
politics,poltician,Canadian House of Commons
politics,politics event,Shared Services Canada
politics,politician,Canadian House of Commons
politics,politician,Canadian House of Commons
politics,department,Shared Services Canada
politics,department,Shared Services Canada
politics,department,Shared Services Canada
politics,politics event,Shared Services Canada
politics,politics event,Shared Services Canada
politics,politician,Shared Services Canada
politics,politician,Shared Services Canada
politics,politician,Shared Services Canada
politics,politician,Shared Services Canada
politics,politician,Shared Services Canada
politics,organisation,Shared Services Canada
politics,politician,Shared Services Canada
politics,coat of arms,Shared Services Canada
politics,politician,Industry Canada
politics,politician,Canadian House of Commons
politics,politics event,Canadian House of Commons
politics,politician,Canadian House of Commons
politics,politician,Canadian House of Commons
politics,law,Canadian Department of National Defence
politics,politician,Shared Services Canada
politics,politician,Canadian House of Commons
politics,politician,Canadian House of Commons
politics,politician,Canadian House of Commons
politics,politician,Canadian House of Commons
politics,politician,Canadian House of Commons
politics,politician,Canadian House of Commons
politics,politician,Shared Services Canada
politics,politician,Canadian House of Commons
politics,politician,Canadian House of Commons
politics,politician,Canadian House of Commons
politics,politician,Canadian House of Commons
politics,politician,Canadian House of Commons
politics,politician,Canadian House of Commons
politics,politician,Canadian House of Commons
politics,politician,Canadian House of Commons
politics,politician,Canadian House of Commons
politics,politician,Canadian House of Commons
politics,law,Shared Services Canada
politics,politician,Canadian House of Commons
politics,event,Canadian Department of National Defence
politics,event,Canadian Department of National Defence
politics,organisation,Canadian House of Commons
politics,politician,Canadian House of Commons
politics,politician,Canadian House of Commons
politics,politician,Shared Services Canada
politics,royalty,Canadian Department of National Defence
politics,politics event,Canadian House of Commons
politics,law,Canadian Department of National Defence
politics,law,Canadian Department of National Defence
politics,law,Shared Services Canada
politics,law,Shared Services Canada
politics,politics event,Shared Services Canada
politics,law,Industry Canada
politics,politician,Shared Services Canada
politics,organisation,Shared Services Canada
politics,organisation,Canadian Broadcasting Corporation
politics,politician,Canadian House of Commons
politics,department,Transport Canada
politics,department,Shared Services Canada
politics,politician,Shared Services Canada
politics,department,Shared Services Canada
politics,department,Shared Services Canada
politics,organisation,Industry Canada
politics,organisation,Industry Canada
politics,politician,Canadian House of Commons
politics,politician,Canadian House of Commons
politics,politician,Canadian House of Commons
politics,politician,Canadian House of Commons
politics,politicians,Canadian House of Commons
politics,politician,Canadian House of Commons
politics,politician,Canadian House of Commons
politics,politician,Canadian House of Commons
politics,politician,Canadian House of Commons
politics,politician,Canadian House of Commons
politics,organisation,Shared Services Canada
politics,organisation,Shared Services Canada
politics,law,Shared Services Canada
politics,law,Shared Services Canada
politics,law,Shared Services Canada
politics,politician,Canadian House of Commons
politics,politician,Canadian House of Commons
politics,politician,Canadian House of Commons
politics,law,Canadian Museum of Civilization
politics,law,Canadian Museum of Civilization
poltics,royalty,Library and Archives Canada
poltics,poltical event,Shared Services Canada
poltics,politician,Canadian House of Commons
portal,portal,Shared Services Canada
portal,portal,Canadian Department of National Defence
portal,portal,Canadian Department of National Defence
portal,portal,Canadian Department of National Defence
portal,portal,Canadian Department of National Defence
portal,portal,Environment Canada
portal,portal,Environment Canada
portal,portal,Environment Canada
portal,portal,Environment Canada
portal,portal,Environment Canada
portal,portal,Environment Canada
portal,portal,Environment Canada
portal,portal,Environment Canada
portal,portal,Environment Canada
portal,portal,Environment Canada
portal,portal,Environment Canada
portal,portal,Environment Canada
portal,portal,Environment Canada
portal,portal,Environment Canada
product,food,Canadian House of Commons
product,banking,Shared Services Canada
product,food,Shared Services Canada
product,clothing,Government of Canada
product,clothing,Shared Services Canada
product,clothing,Government of Canada
product,clothing,Shared Services Canada
product,clothing,Shared Services Canada
product,food,Shared Services Canada
product,clothing,Environment Canada
product,clothing,Environment Canada
product,clothing,Environment Canada
product,clothing,Environment Canada
product,clothing,Environment Canada
product,clothing,Environment Canada
product,clothing,Environment Canada
product,food,Canadian House of Commons
product,clothing,Shared Services Canada
product,food,Shared Services Canada
product,food,Shared Services Canada
product,food,Shared Services Canada
project,project,Environment Canada
project,project,Environment Canada
project,project,Environment Canada
project,project,Environment Canada
project,project,Environment Canada
project,project,Environment Canada
religion,religious sect,Shared Services Canada
religion,religious sect,Shared Services Canada
religion,religious sect,Shared Services Canada
religion,religious person,Shared Services Canada
religion,religious music,Shared Services Canada
religion,religious music,Shared Services Canada
religion,religious person,Shared Services Canada
religion,religion,Shared Services Canada
religion,religion,Shared Services Canada
religion,religious place,Statistics Canada
religion,religious place,Statistics Canada
religion,religious place,Statistics Canada
religion,religious place,Statistics Canada
religion,religion,Environment Canada
religion,religion,Finance Canada
religion,religion,Shared Services Canada
religion,religious person,Canadian Department of National Defence
religion,religious sect,Canadian Broadcasting Corporation
religion,religious person,Shared Services Canada
religion,religious person,Library and Archives Canada
religion,religious person,Shared Services Canada
religion,religious person,Shared Services Canada
science,scientist,Canadian Department of National Defence
science,math,Department of Fisheries and Oceans
science,math,Environment Canada
science,animal,Shared Services Canada
science,medicine,Shared Services Canada
science,animal,Library and Archives Canada
science,math,Shared Services Canada
science,theory,Shared Services Canada
science,theory,Shared Services Canada
science,science object,Shared Services Canada
science,animal,Shared Services Canada
science,animal,Department of Fisheries and Oceans
science,animal,Shared Services Canada
science,theory,Shared Services Canada
science,theory,Shared Services Canada
science,science object,Canadian House of Commons
science,animal,Shared Services Canada
science,animal,Shared Services Canada
science,animal,Shared Services Canada
science,flood,Environment Canada
science,flood,Environment Canada
science,theory,Shared Services Canada
science,science object,Shared Services Canada
science,theory,Canadian Department of National Defence
science,theory,Shared Services Canada
science,scientist,Industry Canada
science,scientist,Industry Canada
science,meteorology,Environment Canada
science,science object,Natural Resources Canada
science,science object,Natural Resources Canada
science,space,Canadian Space Agency
science,scientist,Canadian Broadcasting Corporation
science,science object,Environment Canada
science,science object,Environment Canada
science,science object,Shared Services Canada
science,product,Shared Services Canada
science,math,Shared Services Canada
science,science object,Shared Services Canada
science,theory,Shared Services Canada
science,theory,Shared Services Canada
science,scientist,Shared Services Canada
science,theory,Shared Services Canada
science,theory,Statistics Canada
science,theory,Statistics Canada
science,theory,Statistics Canada
science,theory,Statistics Canada
science,math,Shared Services Canada
science,theory,Shared Services Canada
science,medicine,Shared Services Canada
science,theory,Statistics Canada
science,theory,Shared Services Canada
science,theory,Shared Services Canada
science,science place,Environment Canada
science,theory,Environment Canada
science,environment,Environment Canada
science,medicine,Natural Resources Canada
science,company,Environment Canada
science,theory,Environment Canada
science,scientist,Shared Services Canada
science,meteorology,Environment Canada
science,theory,Environment Canada
science,theory,Environment Canada
science,theory,Environment Canada
science,meteorology,Environment Canada
science,theory,Environment Canada
science,organisation,Shared Services Canada
science,organisation,Shared Services Canada
science,organisation,Shared Services Canada
science,science object,Canadian Department of National Defence
science,theory,Canadian Department of National Defence
science,math,Industry Canada
science,medicine,Shared Services Canada
science,theory,Environment Canada
science,scientist,Shared Services Canada
science,theory,Shared Services Canada
science,theory,Environment Canada
science,science object,Canadian Department of National Defence
science,science object,Environment Canada
science,scientist,Canadian Department of National Defence
science,theory,Shared Services Canada
science,science object,Canadian Department of National Defence
science,science object,Canadian Department of National Defence
science,scientist,Canadian Department of National Defence
science,scientist,Canadian Department of National Defence
science,scientist,Canadian Department of National Defence
science,scientist,Canadian Department of National Defence
science,theory,Canadian Department of National Defence
science,theory,Canadian Department of National Defence
science,theory,Canadian Department of National Defence
science,theory,Canadian Department of National Defence
science,theory,Canadian Department of National Defence
science,technology,Shared Services Canada
science,theory,Department of Fisheries and Oceans
science,theory,Shared Services Canada
science,theory,Canadian Department of National Defence
science,space,Shared Services Canada
science,theory,Environment Canada
science,air,Environment Canada
science,science place,Canadian Department of National Defence
science,theory,Environment Canada
science,theory,Environment Canada
science,theory,Environment Canada
science,theory,Environment Canada
science,theory,Environment Canada
science,theory,Environment Canada
science,theory,Environment Canada
science,theory,Environment Canada
science,theory,Environment Canada
science,theory,Environment Canada
science,theory,Environment Canada
science,theory,Environment Canada
science,theory,Environment Canada
science,scientist,Environment Canada
science,scientist,Environment Canada
science,scientist,Environment Canada
science,science object,Environment Canada
science,science event,Shared Services Canada
science,science event,Shared Services Canada
science,science event,Shared Services Canada
science,meteorology,Environment Canada
science,meteorology,Environment Canada
science,theory,Environment Canada
science,theory,Canadian Department of National Defence
science,science object,Shared Services Canada
science,math,Shared Services Canada
science,theory,Shared Services Canada
science,theory,Shared Services Canada
science,theory,Natural Resources Canada
science,scientist,Shared Services Canada
science,animal,Shared Services Canada
science,animal,Shared Services Canada
science,theory,Canadian Department of National Defence
science,science object,Shared Services Canada
science,science object,Shared Services Canada
science,scientist,Canadian House of Commons
science,science object,Shared Services Canada
science,geographic place,Department of Justice Canada
science,geographic place,Department of Justice Canada
science,science object,Shared Services Canada
science,theory,Environment Canada
science,theory,Shared Services Canada
science,theory,Environment Canada
science,space,Environment Canada
science,theory,Environment Canada
science,animal,Shared Services Canada
science,theory,Natural Resources Canada
science,science object,Department of Justice Canada
science,flood,Environment Canada
science,theory,Environment Canada
science,theory,Environment Canada
science,theory,Environment Canada
science,theory,Environment Canada
science,theory,Environment Canada
science,math,Environment Canada
special,special,Shared Services Canada
special,special,Environment Canada
special,special,Environment Canada
special,special,Environment Canada
sports,football,Government of Canada
sports,soccer,Government of Canada
sports,football,Canadian House of Commons
sports,football,Canadian House of Commons
sports,football,Natural Resources Canada
sports,football,Natural Resources Canada
sports,football,Statistics Canada
sports,hockey,Industry Canada
sports,hockey,Industry Canada
sports,baseball,Shared Services Canada
sports,football,Canadian House of Commons
sports,hockey,Shared Services Canada
sports,soccer,Canadian Department of National Defence
sports,baseball,Shared Services Canada
sports,baseball,Shared Services Canada
sports,baseball,Shared Services Canada
sports,soccer,Canadian Broadcasting Corporation
sports,soccer,Canadian Broadcasting Corporation
sports,soccer,Canadian Broadcasting Corporation
sports,soccer,Shared Services Canada
sports,football,Shared Services Canada
sports,hockey,Canadian Department of National Defence
sports,football,Shared Services Canada
sports,football,Shared Services Canada
sports,baseball,Shared Services Canada
sports,lawn game,Shared Services Canada
sports,lawn game,Shared Services Canada
sports,football,Canadian Department of National Defence
sports,mixed martial arts,Statistics Canada
sports,tennis,Canadian Department of National Defence
sports,soccer,Shared Services Canada
sports,soccer,Canadian House of Commons
sports,soccer,Shared Services Canada
sports,soccer,Shared Services Canada
sports,soccer,Shared Services Canada
sports,soccer,Shared Services Canada
sports,soccer,Shared Services Canada
sports,soccer,Shared Services Canada
sports,lacrosse,Federal Court of Canada
sports,lacrosse,Shared Services Canada
sports,racing,Industry Canada
sports,hockey,Canadian Broadcasting Corporation
sports,table tennis,Shared Services Canada
sports,table tennis,Shared Services Canada
sports,hockey,Industry Canada
sports,athletics,Industry Canada
sports,athletics,Industry Canada
sports,baseball,Shared Services Canada
sports,baseball,Shared Services Canada
sports,baseball,Shared Services Canada
sports,football,Industry Canada
sports,water polo,Shared Services Canada
sports,hockey,Shared Services Canada
sports,hockey,Shared Services Canada
sports,hockey,Shared Services Canada
sports,soccer,Environment Canada
sports,football,Finance Canada
sports,football,Shared Services Canada
sports,baseball,Shared Services Canada
sports,rugby,Shared Services Canada
sports,mixed martial arts,Canadian Department of National Defence
sports,racing,Natural Resources Canada
sports,soccer,Industry Canada
sports,basketball,Canadian Department of National Defence
sports,racing,Natural Resources Canada
sports,racing,Natural Resources Canada
sports,racing,Natural Resources Canada
sports,baseball,Shared Services Canada
sports,football,Shared Services Canada
sports,hockey,Shared Services Canada
sports,tennis,Canadian Department of National Defence
sports,football,Shared Services Canada
sports,football,Shared Services Canada
sports,lacrosse,Shared Services Canada
sports,hockey,Canadian Department of National Defence
sports,hockey,Industry Canada
sports,racing,Natural Resources Canada
sports,tennis,Environment Canada
sports,football,Shared Services Canada
sports,tennis,Shared Services Canada
sports,tennis,Shared Services Canada
sports,tennis,Shared Services Canada
sports,tennis,Shared Services Canada
sports,hockey,Shared Services Canada
sports,football,Canadian House of Commons
sports,tennis,Canadian Department of National Defence
sports,tennis,Canadian Department of National Defence
sports,wrestling,Shared Services Canada
sports,soccer,Shared Services Canada
sports,hockey,Environment Canada
sports,tennis,Canadian Department of National Defence
sports,hockey,Shared Services Canada
sports,jet ski,Environment Canada
sports,athletics,Environment Canada
sports,jet ski,Environment Canada
sports,jet ski,Environment Canada
sports,jet ski,Environment Canada
sports,jet ski,Environment Canada
sports,jet ski,Environment Canada
sports,racing,Natural Resources Canada
sports,racing,Natural Resources Canada
sports,soccer,Canadian Department of National Defence
sports,hockey,Shared Services Canada
sports,racing,Natural Resources Canada
sports,hockey,Finance Canada
sports,hockey,Shared Services Canada
sports,hockey,Shared Services Canada
sports,hockey,Shared Services Canada
sports,basketball,Shared Services Canada
sports,mixed martial arts,Canadian Department of National Defence
sports,mixed martial arts,Canadian Department of National Defence
sports,mixed martial arts,Canadian Department of National Defence
sports,soccer,Finance Canada
sports,soccer,Shared Services Canada
sports,soccer,Finance Canada
sports,soccer,Shared Services Canada
sports,soccer,Finance Canada
sports,soccer,Shared Services Canada
sports,athletics,Shared Services Canada
sports,soccer,Finance Canada
sports,soccer,Shared Services Canada
sports,curling,Shared Services Canada
sports,bobsleigh,Shared Services Canada
sports,hockey,Shared Services Canada
sports,football,Canadian House of Commons
sports,football,Canadian House of Commons
sports,football,Canadian House of Commons
sports,soccer,Shared Services Canada
sports,soccer,Shared Services Canada
sports,mixed martial arts,Finance Canada
sports,mixed martial arts,Shared Services Canada
sports,soccer,Shared Services Canada
sports,athletics,Shared Services Canada
sports,football,Shared Services Canada
sports,football,Shared Services Canada
sports,roller skating,Canadian Department of National Defence
sports,hockey,Shared Services Canada
sports,hockey,Shared Services Canada
sports,pole vault,Environment Canada
sports,curling,Shared Services Canada
sports,hockey,Shared Services Canada
sports,hockey,Shared Services Canada
sports,hockey,Shared Services Canada
sports,hockey,Shared Services Canada
sports,hockey,Shared Services Canada
sports,hockey,Shared Services Canada
sports,curling,Shared Services Canada
talk,talk,Canadian House of Commons
talk,talk,Canadian House of Commons
talk,talk,Canadian House of Commons
talk,talk,Shared Services Canada
talk,talk,Shared Services Canada
talk,talk,Department of Fisheries and Oceans
talk,talk,Shared Services Canada
talk,talk,Canadian Department of National Defence
talk,talk,Canadian Department of National Defence
talk,talk,Canadian Department of National Defence
talk,talk,Shared Services Canada
talk,talk,Canadian Department of National Defence
talk,talk,Canadian House of Commons
talk,talk,Industry Canada
talk,talk,Shared Services Canada
talk,talk,Shared Services Canada
talk,talk,Shared Services Canada
talk,talk,Natural Resources Canada
talk,talk,Shared Services Canada
talk,talk,Shared Services Canada
talk,talk,Environment Canada
talk,talk,Environment Canada
talk,talk,Environment Canada
talk,talk,Department of Fisheries and Oceans
talk,talk,Shared Services Canada
talk,talk,Canadian Department of National Defence
talk,talk,Department of Fisheries and Oceans
talk,talk,Shared Services Canada
talk,talk,Shared Services Canada
talk,talk,Shared Services Canada
talk,talk,Environment Canada
talk,talk,Shared Services Canada
talk,talk,Shared Services Canada
talk,talk,Canadian Department of National Defence
talk,talk,Canadian Space Agency
talk,talk,Canadian Space Agency
talk,talk,Canadian Space Agency
talk,talk,Canadian Department of National Defence
talk,talk,Natural Resources Canada
talk,talk,Shared Services Canada
talk,talk,Canadian Department of National Defence
talk,talk,Canadian Department of National Defence
talk,talk,Canadian Department of National Defence
talk,talk,Canadian Department of National Defence
talk,talk,Canadian Department of National Defence
talk,talk,Canadian Department of National Defence
talk,talk,Shared Services Canada
talk,talk,Natural Resources Canada
talk,talk,Shared Services Canada
talk,talk,Environment Canada
talk,talk,Environment Canada
talk,talk,Environment Canada
technology,technology,Shared Services Canada
technology,telephone,Shared Services Canada
technology,telephone,Shared Services Canada
technology,telephone,Shared Services Canada
technology,phone,Shared Services Canada
technology,phone,Shared Services Canada
technology,phone,Shared Services Canada
technology,law,Canadian Department of National Defence
technology,software,Shared Services Canada
technology,software,Canadian Department of National Defence
technology,telephone,Shared Services Canada
technology,application,Shared Services Canada
technology,parachute,Shared Services Canada
technology,parachute,Transport Canada
technology,parachute,Shared Services Canada
technology,parachute,Transport Canada
technology,radio,Shared Services Canada
technology,radio,Shared Services Canada
technology,radio,Shared Services Canada
technology,radio,Shared Services Canada
technology,radio,Shared Services Canada
technology,radio,Shared Services Canada
technology,radio,Shared Services Canada
technology,radio,Shared Services Canada
technology,radio,Shared Services Canada
technology,radio,Shared Services Canada
technology,radio,Shared Services Canada
technology,radio,Shared Services Canada
technology,radio,Shared Services Canada
technology,radio,Shared Services Canada
technology,radio,Shared Services Canada
technology,radio,Shared Services Canada
technology,radio,Shared Services Canada
technology,radio,Shared Services Canada
technology,radio,Shared Services Canada
technology,radio,Shared Services Canada
technology,radio,Shared Services Canada
technology,radio,Shared Services Canada
technology,radio,Shared Services Canada
technology,radio,Shared Services Canada
technology,naval,Department of Fisheries and Oceans
technology,naval,Shared Services Canada
technology,naval,Environment Canada
technology,naval,Canadian Department of National Defence
technology,naval,Canadian Department of National Defence
technology,computer,Shared Services Canada
technology,law,Shared Services Canada
technology,law,Shared Services Canada
technology,internet,Library and Archives Canada
technology,internet,Library and Archives Canada
technology,internet,Library and Archives Canada
technology,internet,Library and Archives Canada
technology,internet,Library and Archives Canada
technology,internet,Library and Archives Canada
technology,internet,Library and Archives Canada
technology,internet,Library and Archives Canada
technology,internet,Library and Archives Canada
technology,internet,Library and Archives Canada
technology,internet,Library and Archives Canada
technology,internet,Library and Archives Canada
technology,internet,Library and Archives Canada
technology,internet,Library and Archives Canada
technology,internet,Library and Archives Canada
technology,software,Shared Services Canada
technology,software,Shared Services Canada
technology,software,Shared Services Canada
technology,software,Shared Services Canada
technology,software,Shared Services Canada
technology,theory,Shared Services Canada
technology,scientist,Shared Services Canada
technology,aviation,Canadian Department of National Defence
technology,light rail,Shared Services Canada
technology,software,Shared Services Canada
technology,cleaning,Canadian Department of National Defence
technology,cleaning,Canadian Department of National Defence
technology,software,Natural Resources Canada
technology,theory,Shared Services Canada
technology,product,Industry Canada
template,template,Shared Services Canada
template,template,Shared Services Canada
template,template,Shared Services Canada
template,template,Shared Services Canada
template,template,Environment Canada
template,template,Environment Canada
template,template,Environment Canada
template,template,Shared Services Canada
template,template,Environment Canada
template,template,Environment Canada
template,template,Environment Canada
template,template,Shared Services Canada
template,template,Shared Services Canada
template,template,Shared Services Canada
template,template,Shared Services Canada
terrorism,terrorism plot,Shared Services Canada
terrorism,attack,Shared Services Canada
terrorism,attack,Canadian Department of National Defence
user,user,Canadian House of Commons
user,user,Canadian House of Commons
user,user,Natural Resources Canada
user,user,Natural Resources Canada
user,user,Natural Resources Canada
user,user,Canadian Broadcasting Corporation
user,user,Environment Canada
user,user,Environment Canada
user,user,Environment Canada
user,user,Environment Canada
user,user,Environment Canada
user,user,Environment Canada
user,user,Environment Canada
user,user,Environment Canada
user,user,Environment Canada
user,user,Environment Canada
user,user,Environment Canada
user,user,Environment Canada
user,user,Environment Canada
user,user,Environment Canada
user,user,Environment Canada
user,user,Environment Canada
user,user,Environment Canada
user,user,Environment Canada
user,user,Environment Canada
user,user,Environment Canada
user,user,Environment Canada
user,user,Environment Canada
user,user,Canadian Department of National Defence
user,user,Natural Resources Canada
user,user,Natural Resources Canada
user,user,Shared Services Canada
wikipedia,wikipedia,Shared Services Canada
wikipedia,wikipedia,Shared Services Canada
wikipedia,wikipedia,Shared Services Canada
wikipedia,wikipedia,Canadian Department of National Defence
wikipedia,wikipedia,Shared Services Canada
wikipedia,wikipedia,Environment Canada
wikipedia,wikipedia,Environment Canada
wikipedia,wikipedia,Environment Canada
wikipedia,wikipedia,Environment Canada
wikipedia,wikipedia,Environment Canada
wikipedia,wikipedia,Environment Canada
